parameter_id,cell_or_sector,rwtam_parent_cell_or_sector,instrument_family,transition,threshold_parameter_id,threshold_low,threshold_base,threshold_high,metric,shock_delta_metric_ratio,effective_threshold_after_metric_shock,share_above_threshold_base_distribution,units,computation_method,source_threshold_id,source_distribution_id,evidence_quality_distribution,notes
threshold_exceedance_share_from_percentile_distribution,hh_constrained_net_borrower,hh_constrained_net_borrower,consumer_credit_card_revolving,P_to_X,performing_to_distressed_dsr_threshold,0.32,0.36,0.4,household_DSR_total_required_debt_service_to_income,0.0,0.36,0.303571,share_of_cell_or_subcell,piecewise_linear_interpolation_on_p10_p25_p50_p75_p90; tail p90_to_p99 extrapolated; shock implemented as baseline_metric + shock_delta >= threshold,FRB_CHARGEOFF_ALL_BANKS_SA_2026Q1;FRB_DELINQUENCY_ALL_BANKS_SA_2026Q1;NYFED_HHDC_Q1_2026;FED_CARD_DELINQ_NOTE_2025;OWNER_ASSUMPTION_DISTRESS_V2B,FRB_SCF_2022_PAYMENT_TO_INCOME;FRED_TDSP_Q1_2026;PROJECT_CELL_RULES_PROXY,proxy_calibrated_public_percentiles,"To evaluate a bp shock, engine maps bp shock to shock_delta_metric_ratio by cell/instrument, then interpolates this table or repeats the same formula."
threshold_exceedance_share_from_percentile_distribution,hh_constrained_net_borrower,hh_constrained_net_borrower,consumer_credit_card_revolving,P_to_X,performing_to_distressed_dsr_threshold,0.32,0.36,0.4,household_DSR_total_required_debt_service_to_income,0.01,0.35,0.321429,share_of_cell_or_subcell,piecewise_linear_interpolation_on_p10_p25_p50_p75_p90; tail p90_to_p99 extrapolated; shock implemented as baseline_metric + shock_delta >= threshold,FRB_CHARGEOFF_ALL_BANKS_SA_2026Q1;FRB_DELINQUENCY_ALL_BANKS_SA_2026Q1;NYFED_HHDC_Q1_2026;FED_CARD_DELINQ_NOTE_2025;OWNER_ASSUMPTION_DISTRESS_V2B,FRB_SCF_2022_PAYMENT_TO_INCOME;FRED_TDSP_Q1_2026;PROJECT_CELL_RULES_PROXY,proxy_calibrated_public_percentiles,"To evaluate a bp shock, engine maps bp shock to shock_delta_metric_ratio by cell/instrument, then interpolates this table or repeats the same formula."
threshold_exceedance_share_from_percentile_distribution,hh_constrained_net_borrower,hh_constrained_net_borrower,consumer_credit_card_revolving,P_to_X,performing_to_distressed_dsr_threshold,0.32,0.36,0.4,household_DSR_total_required_debt_service_to_income,0.02,0.34,0.339286,share_of_cell_or_subcell,piecewise_linear_interpolation_on_p10_p25_p50_p75_p90; tail p90_to_p99 extrapolated; shock implemented as baseline_metric + shock_delta >= threshold,FRB_CHARGEOFF_ALL_BANKS_SA_2026Q1;FRB_DELINQUENCY_ALL_BANKS_SA_2026Q1;NYFED_HHDC_Q1_2026;FED_CARD_DELINQ_NOTE_2025;OWNER_ASSUMPTION_DISTRESS_V2B,FRB_SCF_2022_PAYMENT_TO_INCOME;FRED_TDSP_Q1_2026;PROJECT_CELL_RULES_PROXY,proxy_calibrated_public_percentiles,"To evaluate a bp shock, engine maps bp shock to shock_delta_metric_ratio by cell/instrument, then interpolates this table or repeats the same formula."
threshold_exceedance_share_from_percentile_distribution,hh_constrained_net_borrower,hh_constrained_net_borrower,consumer_credit_card_revolving,P_to_X,performing_to_distressed_dsr_threshold,0.32,0.36,0.4,household_DSR_total_required_debt_service_to_income,0.05,0.31,0.392857,share_of_cell_or_subcell,piecewise_linear_interpolation_on_p10_p25_p50_p75_p90; tail p90_to_p99 extrapolated; shock implemented as baseline_metric + shock_delta >= threshold,FRB_CHARGEOFF_ALL_BANKS_SA_2026Q1;FRB_DELINQUENCY_ALL_BANKS_SA_2026Q1;NYFED_HHDC_Q1_2026;FED_CARD_DELINQ_NOTE_2025;OWNER_ASSUMPTION_DISTRESS_V2B,FRB_SCF_2022_PAYMENT_TO_INCOME;FRED_TDSP_Q1_2026;PROJECT_CELL_RULES_PROXY,proxy_calibrated_public_percentiles,"To evaluate a bp shock, engine maps bp shock to shock_delta_metric_ratio by cell/instrument, then interpolates this table or repeats the same formula."
threshold_exceedance_share_from_percentile_distribution,hh_constrained_net_borrower,hh_constrained_net_borrower,consumer_credit_card_revolving,P_to_X,performing_to_distressed_dsr_threshold,0.32,0.36,0.4,household_DSR_total_required_debt_service_to_income,0.1,0.26,0.482143,share_of_cell_or_subcell,piecewise_linear_interpolation_on_p10_p25_p50_p75_p90; tail p90_to_p99 extrapolated; shock implemented as baseline_metric + shock_delta >= threshold,FRB_CHARGEOFF_ALL_BANKS_SA_2026Q1;FRB_DELINQUENCY_ALL_BANKS_SA_2026Q1;NYFED_HHDC_Q1_2026;FED_CARD_DELINQ_NOTE_2025;OWNER_ASSUMPTION_DISTRESS_V2B,FRB_SCF_2022_PAYMENT_TO_INCOME;FRED_TDSP_Q1_2026;PROJECT_CELL_RULES_PROXY,proxy_calibrated_public_percentiles,"To evaluate a bp shock, engine maps bp shock to shock_delta_metric_ratio by cell/instrument, then interpolates this table or repeats the same formula."
threshold_exceedance_share_from_percentile_distribution,hh_constrained_net_borrower,hh_constrained_net_borrower,consumer_credit_card_revolving,P_to_X,performing_to_distressed_dsr_threshold,0.32,0.36,0.4,household_DSR_total_required_debt_service_to_income,0.15,0.21,0.576923,share_of_cell_or_subcell,piecewise_linear_interpolation_on_p10_p25_p50_p75_p90; tail p90_to_p99 extrapolated; shock implemented as baseline_metric + shock_delta >= threshold,FRB_CHARGEOFF_ALL_BANKS_SA_2026Q1;FRB_DELINQUENCY_ALL_BANKS_SA_2026Q1;NYFED_HHDC_Q1_2026;FED_CARD_DELINQ_NOTE_2025;OWNER_ASSUMPTION_DISTRESS_V2B,FRB_SCF_2022_PAYMENT_TO_INCOME;FRED_TDSP_Q1_2026;PROJECT_CELL_RULES_PROXY,proxy_calibrated_public_percentiles,"To evaluate a bp shock, engine maps bp shock to shock_delta_metric_ratio by cell/instrument, then interpolates this table or repeats the same formula."
threshold_exceedance_share_from_percentile_distribution,hh_constrained_net_borrower,hh_constrained_net_borrower,consumer_credit_card_revolving,P_to_X,performing_to_distressed_dsr_threshold,0.32,0.36,0.4,household_DSR_total_required_debt_service_to_income,0.25,0.11,0.76875,share_of_cell_or_subcell,piecewise_linear_interpolation_on_p10_p25_p50_p75_p90; tail p90_to_p99 extrapolated; shock implemented as baseline_metric + shock_delta >= threshold,FRB_CHARGEOFF_ALL_BANKS_SA_2026Q1;FRB_DELINQUENCY_ALL_BANKS_SA_2026Q1;NYFED_HHDC_Q1_2026;FED_CARD_DELINQ_NOTE_2025;OWNER_ASSUMPTION_DISTRESS_V2B,FRB_SCF_2022_PAYMENT_TO_INCOME;FRED_TDSP_Q1_2026;PROJECT_CELL_RULES_PROXY,proxy_calibrated_public_percentiles,"To evaluate a bp shock, engine maps bp shock to shock_delta_metric_ratio by cell/instrument, then interpolates this table or repeats the same formula."
threshold_exceedance_share_from_percentile_distribution,hh_middle_owner_illiquid,hh_middle_owner_illiquid,consumer_credit_card_revolving,P_to_X,performing_to_distressed_dsr_threshold,0.32,0.36,0.4,household_DSR_total_required_debt_service_to_income,0.0,0.36,0.180769,share_of_cell_or_subcell,piecewise_linear_interpolation_on_p10_p25_p50_p75_p90; tail p90_to_p99 extrapolated; shock implemented as baseline_metric + shock_delta >= threshold,FRB_CHARGEOFF_ALL_BANKS_SA_2026Q1;FRB_DELINQUENCY_ALL_BANKS_SA_2026Q1;NYFED_HHDC_Q1_2026;FED_CARD_DELINQ_NOTE_2025;OWNER_ASSUMPTION_DISTRESS_V2B,FRB_SCF_2022_PAYMENT_TO_INCOME;FRED_TDSP_Q1_2026;PROJECT_CELL_RULES_PROXY,proxy_calibrated_public_percentiles,"To evaluate a bp shock, engine maps bp shock to shock_delta_metric_ratio by cell/instrument, then interpolates this table or repeats the same formula."
threshold_exceedance_share_from_percentile_distribution,hh_middle_owner_illiquid,hh_middle_owner_illiquid,consumer_credit_card_revolving,P_to_X,performing_to_distressed_dsr_threshold,0.32,0.36,0.4,household_DSR_total_required_debt_service_to_income,0.01,0.35,0.192308,share_of_cell_or_subcell,piecewise_linear_interpolation_on_p10_p25_p50_p75_p90; tail p90_to_p99 extrapolated; shock implemented as baseline_metric + shock_delta >= threshold,FRB_CHARGEOFF_ALL_BANKS_SA_2026Q1;FRB_DELINQUENCY_ALL_BANKS_SA_2026Q1;NYFED_HHDC_Q1_2026;FED_CARD_DELINQ_NOTE_2025;OWNER_ASSUMPTION_DISTRESS_V2B,FRB_SCF_2022_PAYMENT_TO_INCOME;FRED_TDSP_Q1_2026;PROJECT_CELL_RULES_PROXY,proxy_calibrated_public_percentiles,"To evaluate a bp shock, engine maps bp shock to shock_delta_metric_ratio by cell/instrument, then interpolates this table or repeats the same formula."
threshold_exceedance_share_from_percentile_distribution,hh_middle_owner_illiquid,hh_middle_owner_illiquid,consumer_credit_card_revolving,P_to_X,performing_to_distressed_dsr_threshold,0.32,0.36,0.4,household_DSR_total_required_debt_service_to_income,0.02,0.34,0.203846,share_of_cell_or_subcell,piecewise_linear_interpolation_on_p10_p25_p50_p75_p90; tail p90_to_p99 extrapolated; shock implemented as baseline_metric + shock_delta >= threshold,FRB_CHARGEOFF_ALL_BANKS_SA_2026Q1;FRB_DELINQUENCY_ALL_BANKS_SA_2026Q1;NYFED_HHDC_Q1_2026;FED_CARD_DELINQ_NOTE_2025;OWNER_ASSUMPTION_DISTRESS_V2B,FRB_SCF_2022_PAYMENT_TO_INCOME;FRED_TDSP_Q1_2026;PROJECT_CELL_RULES_PROXY,proxy_calibrated_public_percentiles,"To evaluate a bp shock, engine maps bp shock to shock_delta_metric_ratio by cell/instrument, then interpolates this table or repeats the same formula."
threshold_exceedance_share_from_percentile_distribution,hh_middle_owner_illiquid,hh_middle_owner_illiquid,consumer_credit_card_revolving,P_to_X,performing_to_distressed_dsr_threshold,0.32,0.36,0.4,household_DSR_total_required_debt_service_to_income,0.05,0.31,0.238462,share_of_cell_or_subcell,piecewise_linear_interpolation_on_p10_p25_p50_p75_p90; tail p90_to_p99 extrapolated; shock implemented as baseline_metric + shock_delta >= threshold,FRB_CHARGEOFF_ALL_BANKS_SA_2026Q1;FRB_DELINQUENCY_ALL_BANKS_SA_2026Q1;NYFED_HHDC_Q1_2026;FED_CARD_DELINQ_NOTE_2025;OWNER_ASSUMPTION_DISTRESS_V2B,FRB_SCF_2022_PAYMENT_TO_INCOME;FRED_TDSP_Q1_2026;PROJECT_CELL_RULES_PROXY,proxy_calibrated_public_percentiles,"To evaluate a bp shock, engine maps bp shock to shock_delta_metric_ratio by cell/instrument, then interpolates this table or repeats the same formula."
threshold_exceedance_share_from_percentile_distribution,hh_middle_owner_illiquid,hh_middle_owner_illiquid,consumer_credit_card_revolving,P_to_X,performing_to_distressed_dsr_threshold,0.32,0.36,0.4,household_DSR_total_required_debt_service_to_income,0.1,0.26,0.333333,share_of_cell_or_subcell,piecewise_linear_interpolation_on_p10_p25_p50_p75_p90; tail p90_to_p99 extrapolated; shock implemented as baseline_metric + shock_delta >= threshold,FRB_CHARGEOFF_ALL_BANKS_SA_2026Q1;FRB_DELINQUENCY_ALL_BANKS_SA_2026Q1;NYFED_HHDC_Q1_2026;FED_CARD_DELINQ_NOTE_2025;OWNER_ASSUMPTION_DISTRESS_V2B,FRB_SCF_2022_PAYMENT_TO_INCOME;FRED_TDSP_Q1_2026;PROJECT_CELL_RULES_PROXY,proxy_calibrated_public_percentiles,"To evaluate a bp shock, engine maps bp shock to shock_delta_metric_ratio by cell/instrument, then interpolates this table or repeats the same formula."
threshold_exceedance_share_from_percentile_distribution,hh_middle_owner_illiquid,hh_middle_owner_illiquid,consumer_credit_card_revolving,P_to_X,performing_to_distressed_dsr_threshold,0.32,0.36,0.4,household_DSR_total_required_debt_service_to_income,0.15,0.21,0.4375,share_of_cell_or_subcell,piecewise_linear_interpolation_on_p10_p25_p50_p75_p90; tail p90_to_p99 extrapolated; shock implemented as baseline_metric + shock_delta >= threshold,FRB_CHARGEOFF_ALL_BANKS_SA_2026Q1;FRB_DELINQUENCY_ALL_BANKS_SA_2026Q1;NYFED_HHDC_Q1_2026;FED_CARD_DELINQ_NOTE_2025;OWNER_ASSUMPTION_DISTRESS_V2B,FRB_SCF_2022_PAYMENT_TO_INCOME;FRED_TDSP_Q1_2026;PROJECT_CELL_RULES_PROXY,proxy_calibrated_public_percentiles,"To evaluate a bp shock, engine maps bp shock to shock_delta_metric_ratio by cell/instrument, then interpolates this table or repeats the same formula."
threshold_exceedance_share_from_percentile_distribution,hh_middle_owner_illiquid,hh_middle_owner_illiquid,consumer_credit_card_revolving,P_to_X,performing_to_distressed_dsr_threshold,0.32,0.36,0.4,household_DSR_total_required_debt_service_to_income,0.25,0.11,0.675,share_of_cell_or_subcell,piecewise_linear_interpolation_on_p10_p25_p50_p75_p90; tail p90_to_p99 extrapolated; shock implemented as baseline_metric + shock_delta >= threshold,FRB_CHARGEOFF_ALL_BANKS_SA_2026Q1;FRB_DELINQUENCY_ALL_BANKS_SA_2026Q1;NYFED_HHDC_Q1_2026;FED_CARD_DELINQ_NOTE_2025;OWNER_ASSUMPTION_DISTRESS_V2B,FRB_SCF_2022_PAYMENT_TO_INCOME;FRED_TDSP_Q1_2026;PROJECT_CELL_RULES_PROXY,proxy_calibrated_public_percentiles,"To evaluate a bp shock, engine maps bp shock to shock_delta_metric_ratio by cell/instrument, then interpolates this table or repeats the same formula."
threshold_exceedance_share_from_percentile_distribution,hh_constrained_net_borrower,hh_constrained_net_borrower,consumer_credit_card_revolving,P_to_N,performing_to_default_dsr_threshold,0.4,0.45,0.5,household_DSR_total_required_debt_service_to_income,0.0,0.45,0.19375,share_of_cell_or_subcell,piecewise_linear_interpolation_on_p10_p25_p50_p75_p90; tail p90_to_p99 extrapolated; shock implemented as baseline_metric + shock_delta >= threshold,FRB_CHARGEOFF_ALL_BANKS_SA_2026Q1;FRB_DELINQUENCY_ALL_BANKS_SA_2026Q1;NYFED_HHDC_Q1_2026;FED_CARD_DELINQ_NOTE_2025;OWNER_ASSUMPTION_DISTRESS_V2B,FRB_SCF_2022_PAYMENT_TO_INCOME;FRED_TDSP_Q1_2026;PROJECT_CELL_RULES_PROXY,proxy_calibrated_public_percentiles,"To evaluate a bp shock, engine maps bp shock to shock_delta_metric_ratio by cell/instrument, then interpolates this table or repeats the same formula."
threshold_exceedance_share_from_percentile_distribution,hh_constrained_net_borrower,hh_constrained_net_borrower,consumer_credit_card_revolving,P_to_N,performing_to_default_dsr_threshold,0.4,0.45,0.5,household_DSR_total_required_debt_service_to_income,0.01,0.44,0.203125,share_of_cell_or_subcell,piecewise_linear_interpolation_on_p10_p25_p50_p75_p90; tail p90_to_p99 extrapolated; shock implemented as baseline_metric + shock_delta >= threshold,FRB_CHARGEOFF_ALL_BANKS_SA_2026Q1;FRB_DELINQUENCY_ALL_BANKS_SA_2026Q1;NYFED_HHDC_Q1_2026;FED_CARD_DELINQ_NOTE_2025;OWNER_ASSUMPTION_DISTRESS_V2B,FRB_SCF_2022_PAYMENT_TO_INCOME;FRED_TDSP_Q1_2026;PROJECT_CELL_RULES_PROXY,proxy_calibrated_public_percentiles,"To evaluate a bp shock, engine maps bp shock to shock_delta_metric_ratio by cell/instrument, then interpolates this table or repeats the same formula."
threshold_exceedance_share_from_percentile_distribution,hh_constrained_net_borrower,hh_constrained_net_borrower,consumer_credit_card_revolving,P_to_N,performing_to_default_dsr_threshold,0.4,0.45,0.5,household_DSR_total_required_debt_service_to_income,0.02,0.43,0.2125,share_of_cell_or_subcell,piecewise_linear_interpolation_on_p10_p25_p50_p75_p90; tail p90_to_p99 extrapolated; shock implemented as baseline_metric + shock_delta >= threshold,FRB_CHARGEOFF_ALL_BANKS_SA_2026Q1;FRB_DELINQUENCY_ALL_BANKS_SA_2026Q1;NYFED_HHDC_Q1_2026;FED_CARD_DELINQ_NOTE_2025;OWNER_ASSUMPTION_DISTRESS_V2B,FRB_SCF_2022_PAYMENT_TO_INCOME;FRED_TDSP_Q1_2026;PROJECT_CELL_RULES_PROXY,proxy_calibrated_public_percentiles,"To evaluate a bp shock, engine maps bp shock to shock_delta_metric_ratio by cell/instrument, then interpolates this table or repeats the same formula."
threshold_exceedance_share_from_percentile_distribution,hh_constrained_net_borrower,hh_constrained_net_borrower,consumer_credit_card_revolving,P_to_N,performing_to_default_dsr_threshold,0.4,0.45,0.5,household_DSR_total_required_debt_service_to_income,0.05,0.4,0.240625,share_of_cell_or_subcell,piecewise_linear_interpolation_on_p10_p25_p50_p75_p90; tail p90_to_p99 extrapolated; shock implemented as baseline_metric + shock_delta >= threshold,FRB_CHARGEOFF_ALL_BANKS_SA_2026Q1;FRB_DELINQUENCY_ALL_BANKS_SA_2026Q1;NYFED_HHDC_Q1_2026;FED_CARD_DELINQ_NOTE_2025;OWNER_ASSUMPTION_DISTRESS_V2B,FRB_SCF_2022_PAYMENT_TO_INCOME;FRED_TDSP_Q1_2026;PROJECT_CELL_RULES_PROXY,proxy_calibrated_public_percentiles,"To evaluate a bp shock, engine maps bp shock to shock_delta_metric_ratio by cell/instrument, then interpolates this table or repeats the same formula."
threshold_exceedance_share_from_percentile_distribution,hh_constrained_net_borrower,hh_constrained_net_borrower,consumer_credit_card_revolving,P_to_N,performing_to_default_dsr_threshold,0.4,0.45,0.5,household_DSR_total_required_debt_service_to_income,0.1,0.35,0.321429,share_of_cell_or_subcell,piecewise_linear_interpolation_on_p10_p25_p50_p75_p90; tail p90_to_p99 extrapolated; shock implemented as baseline_metric + shock_delta >= threshold,FRB_CHARGEOFF_ALL_BANKS_SA_2026Q1;FRB_DELINQUENCY_ALL_BANKS_SA_2026Q1;NYFED_HHDC_Q1_2026;FED_CARD_DELINQ_NOTE_2025;OWNER_ASSUMPTION_DISTRESS_V2B,FRB_SCF_2022_PAYMENT_TO_INCOME;FRED_TDSP_Q1_2026;PROJECT_CELL_RULES_PROXY,proxy_calibrated_public_percentiles,"To evaluate a bp shock, engine maps bp shock to shock_delta_metric_ratio by cell/instrument, then interpolates this table or repeats the same formula."
threshold_exceedance_share_from_percentile_distribution,hh_constrained_net_borrower,hh_constrained_net_borrower,consumer_credit_card_revolving,P_to_N,performing_to_default_dsr_threshold,0.4,0.45,0.5,household_DSR_total_required_debt_service_to_income,0.15,0.3,0.410714,share_of_cell_or_subcell,piecewise_linear_interpolation_on_p10_p25_p50_p75_p90; tail p90_to_p99 extrapolated; shock implemented as baseline_metric + shock_delta >= threshold,FRB_CHARGEOFF_ALL_BANKS_SA_2026Q1;FRB_DELINQUENCY_ALL_BANKS_SA_2026Q1;NYFED_HHDC_Q1_2026;FED_CARD_DELINQ_NOTE_2025;OWNER_ASSUMPTION_DISTRESS_V2B,FRB_SCF_2022_PAYMENT_TO_INCOME;FRED_TDSP_Q1_2026;PROJECT_CELL_RULES_PROXY,proxy_calibrated_public_percentiles,"To evaluate a bp shock, engine maps bp shock to shock_delta_metric_ratio by cell/instrument, then interpolates this table or repeats the same formula."
threshold_exceedance_share_from_percentile_distribution,hh_constrained_net_borrower,hh_constrained_net_borrower,consumer_credit_card_revolving,P_to_N,performing_to_default_dsr_threshold,0.4,0.45,0.5,household_DSR_total_required_debt_service_to_income,0.25,0.2,0.596154,share_of_cell_or_subcell,piecewise_linear_interpolation_on_p10_p25_p50_p75_p90; tail p90_to_p99 extrapolated; shock implemented as baseline_metric + shock_delta >= threshold,FRB_CHARGEOFF_ALL_BANKS_SA_2026Q1;FRB_DELINQUENCY_ALL_BANKS_SA_2026Q1;NYFED_HHDC_Q1_2026;FED_CARD_DELINQ_NOTE_2025;OWNER_ASSUMPTION_DISTRESS_V2B,FRB_SCF_2022_PAYMENT_TO_INCOME;FRED_TDSP_Q1_2026;PROJECT_CELL_RULES_PROXY,proxy_calibrated_public_percentiles,"To evaluate a bp shock, engine maps bp shock to shock_delta_metric_ratio by cell/instrument, then interpolates this table or repeats the same formula."
threshold_exceedance_share_from_percentile_distribution,hh_middle_owner_illiquid,hh_middle_owner_illiquid,consumer_credit_card_revolving,P_to_N,performing_to_default_dsr_threshold,0.4,0.45,0.5,household_DSR_total_required_debt_service_to_income,0.0,0.45,0.088923,share_of_cell_or_subcell,piecewise_linear_interpolation_on_p10_p25_p50_p75_p90; tail p90_to_p99 extrapolated; shock implemented as baseline_metric + shock_delta >= threshold,FRB_CHARGEOFF_ALL_BANKS_SA_2026Q1;FRB_DELINQUENCY_ALL_BANKS_SA_2026Q1;NYFED_HHDC_Q1_2026;FED_CARD_DELINQ_NOTE_2025;OWNER_ASSUMPTION_DISTRESS_V2B,FRB_SCF_2022_PAYMENT_TO_INCOME;FRED_TDSP_Q1_2026;PROJECT_CELL_RULES_PROXY,proxy_calibrated_public_percentiles,"To evaluate a bp shock, engine maps bp shock to shock_delta_metric_ratio by cell/instrument, then interpolates this table or repeats the same formula."
threshold_exceedance_share_from_percentile_distribution,hh_middle_owner_illiquid,hh_middle_owner_illiquid,consumer_credit_card_revolving,P_to_N,performing_to_default_dsr_threshold,0.4,0.45,0.5,household_DSR_total_required_debt_service_to_income,0.01,0.44,0.094462,share_of_cell_or_subcell,piecewise_linear_interpolation_on_p10_p25_p50_p75_p90; tail p90_to_p99 extrapolated; shock implemented as baseline_metric + shock_delta >= threshold,FRB_CHARGEOFF_ALL_BANKS_SA_2026Q1;FRB_DELINQUENCY_ALL_BANKS_SA_2026Q1;NYFED_HHDC_Q1_2026;FED_CARD_DELINQ_NOTE_2025;OWNER_ASSUMPTION_DISTRESS_V2B,FRB_SCF_2022_PAYMENT_TO_INCOME;FRED_TDSP_Q1_2026;PROJECT_CELL_RULES_PROXY,proxy_calibrated_public_percentiles,"To evaluate a bp shock, engine maps bp shock to shock_delta_metric_ratio by cell/instrument, then interpolates this table or repeats the same formula."
threshold_exceedance_share_from_percentile_distribution,hh_middle_owner_illiquid,hh_middle_owner_illiquid,consumer_credit_card_revolving,P_to_N,performing_to_default_dsr_threshold,0.4,0.45,0.5,household_DSR_total_required_debt_service_to_income,0.02,0.43,0.1,share_of_cell_or_subcell,piecewise_linear_interpolation_on_p10_p25_p50_p75_p90; tail p90_to_p99 extrapolated; shock implemented as baseline_metric + shock_delta >= threshold,FRB_CHARGEOFF_ALL_BANKS_SA_2026Q1;FRB_DELINQUENCY_ALL_BANKS_SA_2026Q1;NYFED_HHDC_Q1_2026;FED_CARD_DELINQ_NOTE_2025;OWNER_ASSUMPTION_DISTRESS_V2B,FRB_SCF_2022_PAYMENT_TO_INCOME;FRED_TDSP_Q1_2026;PROJECT_CELL_RULES_PROXY,proxy_calibrated_public_percentiles,"To evaluate a bp shock, engine maps bp shock to shock_delta_metric_ratio by cell/instrument, then interpolates this table or repeats the same formula."
threshold_exceedance_share_from_percentile_distribution,hh_middle_owner_illiquid,hh_middle_owner_illiquid,consumer_credit_card_revolving,P_to_N,performing_to_default_dsr_threshold,0.4,0.45,0.5,household_DSR_total_required_debt_service_to_income,0.05,0.4,0.134615,share_of_cell_or_subcell,piecewise_linear_interpolation_on_p10_p25_p50_p75_p90; tail p90_to_p99 extrapolated; shock implemented as baseline_metric + shock_delta >= threshold,FRB_CHARGEOFF_ALL_BANKS_SA_2026Q1;FRB_DELINQUENCY_ALL_BANKS_SA_2026Q1;NYFED_HHDC_Q1_2026;FED_CARD_DELINQ_NOTE_2025;OWNER_ASSUMPTION_DISTRESS_V2B,FRB_SCF_2022_PAYMENT_TO_INCOME;FRED_TDSP_Q1_2026;PROJECT_CELL_RULES_PROXY,proxy_calibrated_public_percentiles,"To evaluate a bp shock, engine maps bp shock to shock_delta_metric_ratio by cell/instrument, then interpolates this table or repeats the same formula."
threshold_exceedance_share_from_percentile_distribution,hh_middle_owner_illiquid,hh_middle_owner_illiquid,consumer_credit_card_revolving,P_to_N,performing_to_default_dsr_threshold,0.4,0.45,0.5,household_DSR_total_required_debt_service_to_income,0.1,0.35,0.192308,share_of_cell_or_subcell,piecewise_linear_interpolation_on_p10_p25_p50_p75_p90; tail p90_to_p99 extrapolated; shock implemented as baseline_metric + shock_delta >= threshold,FRB_CHARGEOFF_ALL_BANKS_SA_2026Q1;FRB_DELINQUENCY_ALL_BANKS_SA_2026Q1;NYFED_HHDC_Q1_2026;FED_CARD_DELINQ_NOTE_2025;OWNER_ASSUMPTION_DISTRESS_V2B,FRB_SCF_2022_PAYMENT_TO_INCOME;FRED_TDSP_Q1_2026;PROJECT_CELL_RULES_PROXY,proxy_calibrated_public_percentiles,"To evaluate a bp shock, engine maps bp shock to shock_delta_metric_ratio by cell/instrument, then interpolates this table or repeats the same formula."
threshold_exceedance_share_from_percentile_distribution,hh_middle_owner_illiquid,hh_middle_owner_illiquid,consumer_credit_card_revolving,P_to_N,performing_to_default_dsr_threshold,0.4,0.45,0.5,household_DSR_total_required_debt_service_to_income,0.15,0.3,0.25,share_of_cell_or_subcell,piecewise_linear_interpolation_on_p10_p25_p50_p75_p90; tail p90_to_p99 extrapolated; shock implemented as baseline_metric + shock_delta >= threshold,FRB_CHARGEOFF_ALL_BANKS_SA_2026Q1;FRB_DELINQUENCY_ALL_BANKS_SA_2026Q1;NYFED_HHDC_Q1_2026;FED_CARD_DELINQ_NOTE_2025;OWNER_ASSUMPTION_DISTRESS_V2B,FRB_SCF_2022_PAYMENT_TO_INCOME;FRED_TDSP_Q1_2026;PROJECT_CELL_RULES_PROXY,proxy_calibrated_public_percentiles,"To evaluate a bp shock, engine maps bp shock to shock_delta_metric_ratio by cell/instrument, then interpolates this table or repeats the same formula."
threshold_exceedance_share_from_percentile_distribution,hh_middle_owner_illiquid,hh_middle_owner_illiquid,consumer_credit_card_revolving,P_to_N,performing_to_default_dsr_threshold,0.4,0.45,0.5,household_DSR_total_required_debt_service_to_income,0.25,0.2,0.458333,share_of_cell_or_subcell,piecewise_linear_interpolation_on_p10_p25_p50_p75_p90; tail p90_to_p99 extrapolated; shock implemented as baseline_metric + shock_delta >= threshold,FRB_CHARGEOFF_ALL_BANKS_SA_2026Q1;FRB_DELINQUENCY_ALL_BANKS_SA_2026Q1;NYFED_HHDC_Q1_2026;FED_CARD_DELINQ_NOTE_2025;OWNER_ASSUMPTION_DISTRESS_V2B,FRB_SCF_2022_PAYMENT_TO_INCOME;FRED_TDSP_Q1_2026;PROJECT_CELL_RULES_PROXY,proxy_calibrated_public_percentiles,"To evaluate a bp shock, engine maps bp shock to shock_delta_metric_ratio by cell/instrument, then interpolates this table or repeats the same formula."
threshold_exceedance_share_from_percentile_distribution,hh_constrained_net_borrower,hh_constrained_net_borrower,consumer_auto_loan,P_to_X,performing_to_distressed_dsr_threshold,0.25,0.28,0.32,household_DSR_total_required_debt_service_to_income,0.0,0.28,0.446429,share_of_cell_or_subcell,piecewise_linear_interpolation_on_p10_p25_p50_p75_p90; tail p90_to_p99 extrapolated; shock implemented as baseline_metric + shock_delta >= threshold,NYFED_HHDC_Q1_2026;FRB_CHARGEOFF_ALL_BANKS_SA_2026Q1;FRB_DELINQUENCY_ALL_BANKS_SA_2026Q1;FED_AUTO_PAYMENTS_NOTE_2024;OWNER_ASSUMPTION_DISTRESS_V2B,FRB_SCF_2022_PAYMENT_TO_INCOME;FRED_TDSP_Q1_2026;PROJECT_CELL_RULES_PROXY,proxy_calibrated_public_percentiles,"To evaluate a bp shock, engine maps bp shock to shock_delta_metric_ratio by cell/instrument, then interpolates this table or repeats the same formula."
threshold_exceedance_share_from_percentile_distribution,hh_constrained_net_borrower,hh_constrained_net_borrower,consumer_auto_loan,P_to_X,performing_to_distressed_dsr_threshold,0.25,0.28,0.32,household_DSR_total_required_debt_service_to_income,0.01,0.27,0.464286,share_of_cell_or_subcell,piecewise_linear_interpolation_on_p10_p25_p50_p75_p90; tail p90_to_p99 extrapolated; shock implemented as baseline_metric + shock_delta >= threshold,NYFED_HHDC_Q1_2026;FRB_CHARGEOFF_ALL_BANKS_SA_2026Q1;FRB_DELINQUENCY_ALL_BANKS_SA_2026Q1;FED_AUTO_PAYMENTS_NOTE_2024;OWNER_ASSUMPTION_DISTRESS_V2B,FRB_SCF_2022_PAYMENT_TO_INCOME;FRED_TDSP_Q1_2026;PROJECT_CELL_RULES_PROXY,proxy_calibrated_public_percentiles,"To evaluate a bp shock, engine maps bp shock to shock_delta_metric_ratio by cell/instrument, then interpolates this table or repeats the same formula."
threshold_exceedance_share_from_percentile_distribution,hh_constrained_net_borrower,hh_constrained_net_borrower,consumer_auto_loan,P_to_X,performing_to_distressed_dsr_threshold,0.25,0.28,0.32,household_DSR_total_required_debt_service_to_income,0.02,0.26,0.482143,share_of_cell_or_subcell,piecewise_linear_interpolation_on_p10_p25_p50_p75_p90; tail p90_to_p99 extrapolated; shock implemented as baseline_metric + shock_delta >= threshold,NYFED_HHDC_Q1_2026;FRB_CHARGEOFF_ALL_BANKS_SA_2026Q1;FRB_DELINQUENCY_ALL_BANKS_SA_2026Q1;FED_AUTO_PAYMENTS_NOTE_2024;OWNER_ASSUMPTION_DISTRESS_V2B,FRB_SCF_2022_PAYMENT_TO_INCOME;FRED_TDSP_Q1_2026;PROJECT_CELL_RULES_PROXY,proxy_calibrated_public_percentiles,"To evaluate a bp shock, engine maps bp shock to shock_delta_metric_ratio by cell/instrument, then interpolates this table or repeats the same formula."
threshold_exceedance_share_from_percentile_distribution,hh_constrained_net_borrower,hh_constrained_net_borrower,consumer_auto_loan,P_to_X,performing_to_distressed_dsr_threshold,0.25,0.28,0.32,household_DSR_total_required_debt_service_to_income,0.05,0.23,0.538462,share_of_cell_or_subcell,piecewise_linear_interpolation_on_p10_p25_p50_p75_p90; tail p90_to_p99 extrapolated; shock implemented as baseline_metric + shock_delta >= threshold,NYFED_HHDC_Q1_2026;FRB_CHARGEOFF_ALL_BANKS_SA_2026Q1;FRB_DELINQUENCY_ALL_BANKS_SA_2026Q1;FED_AUTO_PAYMENTS_NOTE_2024;OWNER_ASSUMPTION_DISTRESS_V2B,FRB_SCF_2022_PAYMENT_TO_INCOME;FRED_TDSP_Q1_2026;PROJECT_CELL_RULES_PROXY,proxy_calibrated_public_percentiles,"To evaluate a bp shock, engine maps bp shock to shock_delta_metric_ratio by cell/instrument, then interpolates this table or repeats the same formula."
threshold_exceedance_share_from_percentile_distribution,hh_constrained_net_borrower,hh_constrained_net_borrower,consumer_auto_loan,P_to_X,performing_to_distressed_dsr_threshold,0.25,0.28,0.32,household_DSR_total_required_debt_service_to_income,0.1,0.18,0.634615,share_of_cell_or_subcell,piecewise_linear_interpolation_on_p10_p25_p50_p75_p90; tail p90_to_p99 extrapolated; shock implemented as baseline_metric + shock_delta >= threshold,NYFED_HHDC_Q1_2026;FRB_CHARGEOFF_ALL_BANKS_SA_2026Q1;FRB_DELINQUENCY_ALL_BANKS_SA_2026Q1;FED_AUTO_PAYMENTS_NOTE_2024;OWNER_ASSUMPTION_DISTRESS_V2B,FRB_SCF_2022_PAYMENT_TO_INCOME;FRED_TDSP_Q1_2026;PROJECT_CELL_RULES_PROXY,proxy_calibrated_public_percentiles,"To evaluate a bp shock, engine maps bp shock to shock_delta_metric_ratio by cell/instrument, then interpolates this table or repeats the same formula."
threshold_exceedance_share_from_percentile_distribution,hh_constrained_net_borrower,hh_constrained_net_borrower,consumer_auto_loan,P_to_X,performing_to_distressed_dsr_threshold,0.25,0.28,0.32,household_DSR_total_required_debt_service_to_income,0.15,0.13,0.730769,share_of_cell_or_subcell,piecewise_linear_interpolation_on_p10_p25_p50_p75_p90; tail p90_to_p99 extrapolated; shock implemented as baseline_metric + shock_delta >= threshold,NYFED_HHDC_Q1_2026;FRB_CHARGEOFF_ALL_BANKS_SA_2026Q1;FRB_DELINQUENCY_ALL_BANKS_SA_2026Q1;FED_AUTO_PAYMENTS_NOTE_2024;OWNER_ASSUMPTION_DISTRESS_V2B,FRB_SCF_2022_PAYMENT_TO_INCOME;FRED_TDSP_Q1_2026;PROJECT_CELL_RULES_PROXY,proxy_calibrated_public_percentiles,"To evaluate a bp shock, engine maps bp shock to shock_delta_metric_ratio by cell/instrument, then interpolates this table or repeats the same formula."
threshold_exceedance_share_from_percentile_distribution,hh_constrained_net_borrower,hh_constrained_net_borrower,consumer_auto_loan,P_to_X,performing_to_distressed_dsr_threshold,0.25,0.28,0.32,household_DSR_total_required_debt_service_to_income,0.25,0.03,0.925,share_of_cell_or_subcell,piecewise_linear_interpolation_on_p10_p25_p50_p75_p90; tail p90_to_p99 extrapolated; shock implemented as baseline_metric + shock_delta >= threshold,NYFED_HHDC_Q1_2026;FRB_CHARGEOFF_ALL_BANKS_SA_2026Q1;FRB_DELINQUENCY_ALL_BANKS_SA_2026Q1;FED_AUTO_PAYMENTS_NOTE_2024;OWNER_ASSUMPTION_DISTRESS_V2B,FRB_SCF_2022_PAYMENT_TO_INCOME;FRED_TDSP_Q1_2026;PROJECT_CELL_RULES_PROXY,proxy_calibrated_public_percentiles,"To evaluate a bp shock, engine maps bp shock to shock_delta_metric_ratio by cell/instrument, then interpolates this table or repeats the same formula."
threshold_exceedance_share_from_percentile_distribution,hh_middle_owner_illiquid,hh_middle_owner_illiquid,consumer_auto_loan,P_to_X,performing_to_distressed_dsr_threshold,0.25,0.28,0.32,household_DSR_total_required_debt_service_to_income,0.0,0.28,0.291667,share_of_cell_or_subcell,piecewise_linear_interpolation_on_p10_p25_p50_p75_p90; tail p90_to_p99 extrapolated; shock implemented as baseline_metric + shock_delta >= threshold,NYFED_HHDC_Q1_2026;FRB_CHARGEOFF_ALL_BANKS_SA_2026Q1;FRB_DELINQUENCY_ALL_BANKS_SA_2026Q1;FED_AUTO_PAYMENTS_NOTE_2024;OWNER_ASSUMPTION_DISTRESS_V2B,FRB_SCF_2022_PAYMENT_TO_INCOME;FRED_TDSP_Q1_2026;PROJECT_CELL_RULES_PROXY,proxy_calibrated_public_percentiles,"To evaluate a bp shock, engine maps bp shock to shock_delta_metric_ratio by cell/instrument, then interpolates this table or repeats the same formula."
threshold_exceedance_share_from_percentile_distribution,hh_middle_owner_illiquid,hh_middle_owner_illiquid,consumer_auto_loan,P_to_X,performing_to_distressed_dsr_threshold,0.25,0.28,0.32,household_DSR_total_required_debt_service_to_income,0.01,0.27,0.3125,share_of_cell_or_subcell,piecewise_linear_interpolation_on_p10_p25_p50_p75_p90; tail p90_to_p99 extrapolated; shock implemented as baseline_metric + shock_delta >= threshold,NYFED_HHDC_Q1_2026;FRB_CHARGEOFF_ALL_BANKS_SA_2026Q1;FRB_DELINQUENCY_ALL_BANKS_SA_2026Q1;FED_AUTO_PAYMENTS_NOTE_2024;OWNER_ASSUMPTION_DISTRESS_V2B,FRB_SCF_2022_PAYMENT_TO_INCOME;FRED_TDSP_Q1_2026;PROJECT_CELL_RULES_PROXY,proxy_calibrated_public_percentiles,"To evaluate a bp shock, engine maps bp shock to shock_delta_metric_ratio by cell/instrument, then interpolates this table or repeats the same formula."
threshold_exceedance_share_from_percentile_distribution,hh_middle_owner_illiquid,hh_middle_owner_illiquid,consumer_auto_loan,P_to_X,performing_to_distressed_dsr_threshold,0.25,0.28,0.32,household_DSR_total_required_debt_service_to_income,0.02,0.26,0.333333,share_of_cell_or_subcell,piecewise_linear_interpolation_on_p10_p25_p50_p75_p90; tail p90_to_p99 extrapolated; shock implemented as baseline_metric + shock_delta >= threshold,NYFED_HHDC_Q1_2026;FRB_CHARGEOFF_ALL_BANKS_SA_2026Q1;FRB_DELINQUENCY_ALL_BANKS_SA_2026Q1;FED_AUTO_PAYMENTS_NOTE_2024;OWNER_ASSUMPTION_DISTRESS_V2B,FRB_SCF_2022_PAYMENT_TO_INCOME;FRED_TDSP_Q1_2026;PROJECT_CELL_RULES_PROXY,proxy_calibrated_public_percentiles,"To evaluate a bp shock, engine maps bp shock to shock_delta_metric_ratio by cell/instrument, then interpolates this table or repeats the same formula."
threshold_exceedance_share_from_percentile_distribution,hh_middle_owner_illiquid,hh_middle_owner_illiquid,consumer_auto_loan,P_to_X,performing_to_distressed_dsr_threshold,0.25,0.28,0.32,household_DSR_total_required_debt_service_to_income,0.05,0.23,0.395833,share_of_cell_or_subcell,piecewise_linear_interpolation_on_p10_p25_p50_p75_p90; tail p90_to_p99 extrapolated; shock implemented as baseline_metric + shock_delta >= threshold,NYFED_HHDC_Q1_2026;FRB_CHARGEOFF_ALL_BANKS_SA_2026Q1;FRB_DELINQUENCY_ALL_BANKS_SA_2026Q1;FED_AUTO_PAYMENTS_NOTE_2024;OWNER_ASSUMPTION_DISTRESS_V2B,FRB_SCF_2022_PAYMENT_TO_INCOME;FRED_TDSP_Q1_2026;PROJECT_CELL_RULES_PROXY,proxy_calibrated_public_percentiles,"To evaluate a bp shock, engine maps bp shock to shock_delta_metric_ratio by cell/instrument, then interpolates this table or repeats the same formula."
threshold_exceedance_share_from_percentile_distribution,hh_middle_owner_illiquid,hh_middle_owner_illiquid,consumer_auto_loan,P_to_X,performing_to_distressed_dsr_threshold,0.25,0.28,0.32,household_DSR_total_required_debt_service_to_income,0.1,0.18,0.5,share_of_cell_or_subcell,piecewise_linear_interpolation_on_p10_p25_p50_p75_p90; tail p90_to_p99 extrapolated; shock implemented as baseline_metric + shock_delta >= threshold,NYFED_HHDC_Q1_2026;FRB_CHARGEOFF_ALL_BANKS_SA_2026Q1;FRB_DELINQUENCY_ALL_BANKS_SA_2026Q1;FED_AUTO_PAYMENTS_NOTE_2024;OWNER_ASSUMPTION_DISTRESS_V2B,FRB_SCF_2022_PAYMENT_TO_INCOME;FRED_TDSP_Q1_2026;PROJECT_CELL_RULES_PROXY,proxy_calibrated_public_percentiles,"To evaluate a bp shock, engine maps bp shock to shock_delta_metric_ratio by cell/instrument, then interpolates this table or repeats the same formula."
threshold_exceedance_share_from_percentile_distribution,hh_middle_owner_illiquid,hh_middle_owner_illiquid,consumer_auto_loan,P_to_X,performing_to_distressed_dsr_threshold,0.25,0.28,0.32,household_DSR_total_required_debt_service_to_income,0.15,0.13,0.625,share_of_cell_or_subcell,piecewise_linear_interpolation_on_p10_p25_p50_p75_p90; tail p90_to_p99 extrapolated; shock implemented as baseline_metric + shock_delta >= threshold,NYFED_HHDC_Q1_2026;FRB_CHARGEOFF_ALL_BANKS_SA_2026Q1;FRB_DELINQUENCY_ALL_BANKS_SA_2026Q1;FED_AUTO_PAYMENTS_NOTE_2024;OWNER_ASSUMPTION_DISTRESS_V2B,FRB_SCF_2022_PAYMENT_TO_INCOME;FRED_TDSP_Q1_2026;PROJECT_CELL_RULES_PROXY,proxy_calibrated_public_percentiles,"To evaluate a bp shock, engine maps bp shock to shock_delta_metric_ratio by cell/instrument, then interpolates this table or repeats the same formula."
threshold_exceedance_share_from_percentile_distribution,hh_middle_owner_illiquid,hh_middle_owner_illiquid,consumer_auto_loan,P_to_X,performing_to_distressed_dsr_threshold,0.25,0.28,0.32,household_DSR_total_required_debt_service_to_income,0.25,0.03,0.875,share_of_cell_or_subcell,piecewise_linear_interpolation_on_p10_p25_p50_p75_p90; tail p90_to_p99 extrapolated; shock implemented as baseline_metric + shock_delta >= threshold,NYFED_HHDC_Q1_2026;FRB_CHARGEOFF_ALL_BANKS_SA_2026Q1;FRB_DELINQUENCY_ALL_BANKS_SA_2026Q1;FED_AUTO_PAYMENTS_NOTE_2024;OWNER_ASSUMPTION_DISTRESS_V2B,FRB_SCF_2022_PAYMENT_TO_INCOME;FRED_TDSP_Q1_2026;PROJECT_CELL_RULES_PROXY,proxy_calibrated_public_percentiles,"To evaluate a bp shock, engine maps bp shock to shock_delta_metric_ratio by cell/instrument, then interpolates this table or repeats the same formula."
threshold_exceedance_share_from_percentile_distribution,hh_constrained_net_borrower,hh_constrained_net_borrower,consumer_auto_loan,P_to_N,performing_to_default_dsr_threshold,0.34,0.38,0.43,household_DSR_total_required_debt_service_to_income,0.0,0.38,0.267857,share_of_cell_or_subcell,piecewise_linear_interpolation_on_p10_p25_p50_p75_p90; tail p90_to_p99 extrapolated; shock implemented as baseline_metric + shock_delta >= threshold,NYFED_HHDC_Q1_2026;FRB_CHARGEOFF_ALL_BANKS_SA_2026Q1;FRB_DELINQUENCY_ALL_BANKS_SA_2026Q1;FED_AUTO_PAYMENTS_NOTE_2024;OWNER_ASSUMPTION_DISTRESS_V2B,FRB_SCF_2022_PAYMENT_TO_INCOME;FRED_TDSP_Q1_2026;PROJECT_CELL_RULES_PROXY,proxy_calibrated_public_percentiles,"To evaluate a bp shock, engine maps bp shock to shock_delta_metric_ratio by cell/instrument, then interpolates this table or repeats the same formula."
threshold_exceedance_share_from_percentile_distribution,hh_constrained_net_borrower,hh_constrained_net_borrower,consumer_auto_loan,P_to_N,performing_to_default_dsr_threshold,0.34,0.38,0.43,household_DSR_total_required_debt_service_to_income,0.01,0.37,0.285714,share_of_cell_or_subcell,piecewise_linear_interpolation_on_p10_p25_p50_p75_p90; tail p90_to_p99 extrapolated; shock implemented as baseline_metric + shock_delta >= threshold,NYFED_HHDC_Q1_2026;FRB_CHARGEOFF_ALL_BANKS_SA_2026Q1;FRB_DELINQUENCY_ALL_BANKS_SA_2026Q1;FED_AUTO_PAYMENTS_NOTE_2024;OWNER_ASSUMPTION_DISTRESS_V2B,FRB_SCF_2022_PAYMENT_TO_INCOME;FRED_TDSP_Q1_2026;PROJECT_CELL_RULES_PROXY,proxy_calibrated_public_percentiles,"To evaluate a bp shock, engine maps bp shock to shock_delta_metric_ratio by cell/instrument, then interpolates this table or repeats the same formula."
threshold_exceedance_share_from_percentile_distribution,hh_constrained_net_borrower,hh_constrained_net_borrower,consumer_auto_loan,P_to_N,performing_to_default_dsr_threshold,0.34,0.38,0.43,household_DSR_total_required_debt_service_to_income,0.02,0.36,0.303571,share_of_cell_or_subcell,piecewise_linear_interpolation_on_p10_p25_p50_p75_p90; tail p90_to_p99 extrapolated; shock implemented as baseline_metric + shock_delta >= threshold,NYFED_HHDC_Q1_2026;FRB_CHARGEOFF_ALL_BANKS_SA_2026Q1;FRB_DELINQUENCY_ALL_BANKS_SA_2026Q1;FED_AUTO_PAYMENTS_NOTE_2024;OWNER_ASSUMPTION_DISTRESS_V2B,FRB_SCF_2022_PAYMENT_TO_INCOME;FRED_TDSP_Q1_2026;PROJECT_CELL_RULES_PROXY,proxy_calibrated_public_percentiles,"To evaluate a bp shock, engine maps bp shock to shock_delta_metric_ratio by cell/instrument, then interpolates this table or repeats the same formula."
threshold_exceedance_share_from_percentile_distribution,hh_constrained_net_borrower,hh_constrained_net_borrower,consumer_auto_loan,P_to_N,performing_to_default_dsr_threshold,0.34,0.38,0.43,household_DSR_total_required_debt_service_to_income,0.05,0.33,0.357143,share_of_cell_or_subcell,piecewise_linear_interpolation_on_p10_p25_p50_p75_p90; tail p90_to_p99 extrapolated; shock implemented as baseline_metric + shock_delta >= threshold,NYFED_HHDC_Q1_2026;FRB_CHARGEOFF_ALL_BANKS_SA_2026Q1;FRB_DELINQUENCY_ALL_BANKS_SA_2026Q1;FED_AUTO_PAYMENTS_NOTE_2024;OWNER_ASSUMPTION_DISTRESS_V2B,FRB_SCF_2022_PAYMENT_TO_INCOME;FRED_TDSP_Q1_2026;PROJECT_CELL_RULES_PROXY,proxy_calibrated_public_percentiles,"To evaluate a bp shock, engine maps bp shock to shock_delta_metric_ratio by cell/instrument, then interpolates this table or repeats the same formula."
threshold_exceedance_share_from_percentile_distribution,hh_constrained_net_borrower,hh_constrained_net_borrower,consumer_auto_loan,P_to_N,performing_to_default_dsr_threshold,0.34,0.38,0.43,household_DSR_total_required_debt_service_to_income,0.1,0.28,0.446429,share_of_cell_or_subcell,piecewise_linear_interpolation_on_p10_p25_p50_p75_p90; tail p90_to_p99 extrapolated; shock implemented as baseline_metric + shock_delta >= threshold,NYFED_HHDC_Q1_2026;FRB_CHARGEOFF_ALL_BANKS_SA_2026Q1;FRB_DELINQUENCY_ALL_BANKS_SA_2026Q1;FED_AUTO_PAYMENTS_NOTE_2024;OWNER_ASSUMPTION_DISTRESS_V2B,FRB_SCF_2022_PAYMENT_TO_INCOME;FRED_TDSP_Q1_2026;PROJECT_CELL_RULES_PROXY,proxy_calibrated_public_percentiles,"To evaluate a bp shock, engine maps bp shock to shock_delta_metric_ratio by cell/instrument, then interpolates this table or repeats the same formula."
threshold_exceedance_share_from_percentile_distribution,hh_constrained_net_borrower,hh_constrained_net_borrower,consumer_auto_loan,P_to_N,performing_to_default_dsr_threshold,0.34,0.38,0.43,household_DSR_total_required_debt_service_to_income,0.15,0.23,0.538462,share_of_cell_or_subcell,piecewise_linear_interpolation_on_p10_p25_p50_p75_p90; tail p90_to_p99 extrapolated; shock implemented as baseline_metric + shock_delta >= threshold,NYFED_HHDC_Q1_2026;FRB_CHARGEOFF_ALL_BANKS_SA_2026Q1;FRB_DELINQUENCY_ALL_BANKS_SA_2026Q1;FED_AUTO_PAYMENTS_NOTE_2024;OWNER_ASSUMPTION_DISTRESS_V2B,FRB_SCF_2022_PAYMENT_TO_INCOME;FRED_TDSP_Q1_2026;PROJECT_CELL_RULES_PROXY,proxy_calibrated_public_percentiles,"To evaluate a bp shock, engine maps bp shock to shock_delta_metric_ratio by cell/instrument, then interpolates this table or repeats the same formula."
threshold_exceedance_share_from_percentile_distribution,hh_constrained_net_borrower,hh_constrained_net_borrower,consumer_auto_loan,P_to_N,performing_to_default_dsr_threshold,0.34,0.38,0.43,household_DSR_total_required_debt_service_to_income,0.25,0.13,0.730769,share_of_cell_or_subcell,piecewise_linear_interpolation_on_p10_p25_p50_p75_p90; tail p90_to_p99 extrapolated; shock implemented as baseline_metric + shock_delta >= threshold,NYFED_HHDC_Q1_2026;FRB_CHARGEOFF_ALL_BANKS_SA_2026Q1;FRB_DELINQUENCY_ALL_BANKS_SA_2026Q1;FED_AUTO_PAYMENTS_NOTE_2024;OWNER_ASSUMPTION_DISTRESS_V2B,FRB_SCF_2022_PAYMENT_TO_INCOME;FRED_TDSP_Q1_2026;PROJECT_CELL_RULES_PROXY,proxy_calibrated_public_percentiles,"To evaluate a bp shock, engine maps bp shock to shock_delta_metric_ratio by cell/instrument, then interpolates this table or repeats the same formula."
threshold_exceedance_share_from_percentile_distribution,hh_middle_owner_illiquid,hh_middle_owner_illiquid,consumer_auto_loan,P_to_N,performing_to_default_dsr_threshold,0.34,0.38,0.43,household_DSR_total_required_debt_service_to_income,0.0,0.38,0.157692,share_of_cell_or_subcell,piecewise_linear_interpolation_on_p10_p25_p50_p75_p90; tail p90_to_p99 extrapolated; shock implemented as baseline_metric + shock_delta >= threshold,NYFED_HHDC_Q1_2026;FRB_CHARGEOFF_ALL_BANKS_SA_2026Q1;FRB_DELINQUENCY_ALL_BANKS_SA_2026Q1;FED_AUTO_PAYMENTS_NOTE_2024;OWNER_ASSUMPTION_DISTRESS_V2B,FRB_SCF_2022_PAYMENT_TO_INCOME;FRED_TDSP_Q1_2026;PROJECT_CELL_RULES_PROXY,proxy_calibrated_public_percentiles,"To evaluate a bp shock, engine maps bp shock to shock_delta_metric_ratio by cell/instrument, then interpolates this table or repeats the same formula."
threshold_exceedance_share_from_percentile_distribution,hh_middle_owner_illiquid,hh_middle_owner_illiquid,consumer_auto_loan,P_to_N,performing_to_default_dsr_threshold,0.34,0.38,0.43,household_DSR_total_required_debt_service_to_income,0.01,0.37,0.169231,share_of_cell_or_subcell,piecewise_linear_interpolation_on_p10_p25_p50_p75_p90; tail p90_to_p99 extrapolated; shock implemented as baseline_metric + shock_delta >= threshold,NYFED_HHDC_Q1_2026;FRB_CHARGEOFF_ALL_BANKS_SA_2026Q1;FRB_DELINQUENCY_ALL_BANKS_SA_2026Q1;FED_AUTO_PAYMENTS_NOTE_2024;OWNER_ASSUMPTION_DISTRESS_V2B,FRB_SCF_2022_PAYMENT_TO_INCOME;FRED_TDSP_Q1_2026;PROJECT_CELL_RULES_PROXY,proxy_calibrated_public_percentiles,"To evaluate a bp shock, engine maps bp shock to shock_delta_metric_ratio by cell/instrument, then interpolates this table or repeats the same formula."
threshold_exceedance_share_from_percentile_distribution,hh_middle_owner_illiquid,hh_middle_owner_illiquid,consumer_auto_loan,P_to_N,performing_to_default_dsr_threshold,0.34,0.38,0.43,household_DSR_total_required_debt_service_to_income,0.02,0.36,0.180769,share_of_cell_or_subcell,piecewise_linear_interpolation_on_p10_p25_p50_p75_p90; tail p90_to_p99 extrapolated; shock implemented as baseline_metric + shock_delta >= threshold,NYFED_HHDC_Q1_2026;FRB_CHARGEOFF_ALL_BANKS_SA_2026Q1;FRB_DELINQUENCY_ALL_BANKS_SA_2026Q1;FED_AUTO_PAYMENTS_NOTE_2024;OWNER_ASSUMPTION_DISTRESS_V2B,FRB_SCF_2022_PAYMENT_TO_INCOME;FRED_TDSP_Q1_2026;PROJECT_CELL_RULES_PROXY,proxy_calibrated_public_percentiles,"To evaluate a bp shock, engine maps bp shock to shock_delta_metric_ratio by cell/instrument, then interpolates this table or repeats the same formula."
threshold_exceedance_share_from_percentile_distribution,hh_middle_owner_illiquid,hh_middle_owner_illiquid,consumer_auto_loan,P_to_N,performing_to_default_dsr_threshold,0.34,0.38,0.43,household_DSR_total_required_debt_service_to_income,0.05,0.33,0.215385,share_of_cell_or_subcell,piecewise_linear_interpolation_on_p10_p25_p50_p75_p90; tail p90_to_p99 extrapolated; shock implemented as baseline_metric + shock_delta >= threshold,NYFED_HHDC_Q1_2026;FRB_CHARGEOFF_ALL_BANKS_SA_2026Q1;FRB_DELINQUENCY_ALL_BANKS_SA_2026Q1;FED_AUTO_PAYMENTS_NOTE_2024;OWNER_ASSUMPTION_DISTRESS_V2B,FRB_SCF_2022_PAYMENT_TO_INCOME;FRED_TDSP_Q1_2026;PROJECT_CELL_RULES_PROXY,proxy_calibrated_public_percentiles,"To evaluate a bp shock, engine maps bp shock to shock_delta_metric_ratio by cell/instrument, then interpolates this table or repeats the same formula."
threshold_exceedance_share_from_percentile_distribution,hh_middle_owner_illiquid,hh_middle_owner_illiquid,consumer_auto_loan,P_to_N,performing_to_default_dsr_threshold,0.34,0.38,0.43,household_DSR_total_required_debt_service_to_income,0.1,0.28,0.291667,share_of_cell_or_subcell,piecewise_linear_interpolation_on_p10_p25_p50_p75_p90; tail p90_to_p99 extrapolated; shock implemented as baseline_metric + shock_delta >= threshold,NYFED_HHDC_Q1_2026;FRB_CHARGEOFF_ALL_BANKS_SA_2026Q1;FRB_DELINQUENCY_ALL_BANKS_SA_2026Q1;FED_AUTO_PAYMENTS_NOTE_2024;OWNER_ASSUMPTION_DISTRESS_V2B,FRB_SCF_2022_PAYMENT_TO_INCOME;FRED_TDSP_Q1_2026;PROJECT_CELL_RULES_PROXY,proxy_calibrated_public_percentiles,"To evaluate a bp shock, engine maps bp shock to shock_delta_metric_ratio by cell/instrument, then interpolates this table or repeats the same formula."
threshold_exceedance_share_from_percentile_distribution,hh_middle_owner_illiquid,hh_middle_owner_illiquid,consumer_auto_loan,P_to_N,performing_to_default_dsr_threshold,0.34,0.38,0.43,household_DSR_total_required_debt_service_to_income,0.15,0.23,0.395833,share_of_cell_or_subcell,piecewise_linear_interpolation_on_p10_p25_p50_p75_p90; tail p90_to_p99 extrapolated; shock implemented as baseline_metric + shock_delta >= threshold,NYFED_HHDC_Q1_2026;FRB_CHARGEOFF_ALL_BANKS_SA_2026Q1;FRB_DELINQUENCY_ALL_BANKS_SA_2026Q1;FED_AUTO_PAYMENTS_NOTE_2024;OWNER_ASSUMPTION_DISTRESS_V2B,FRB_SCF_2022_PAYMENT_TO_INCOME;FRED_TDSP_Q1_2026;PROJECT_CELL_RULES_PROXY,proxy_calibrated_public_percentiles,"To evaluate a bp shock, engine maps bp shock to shock_delta_metric_ratio by cell/instrument, then interpolates this table or repeats the same formula."
threshold_exceedance_share_from_percentile_distribution,hh_middle_owner_illiquid,hh_middle_owner_illiquid,consumer_auto_loan,P_to_N,performing_to_default_dsr_threshold,0.34,0.38,0.43,household_DSR_total_required_debt_service_to_income,0.25,0.13,0.625,share_of_cell_or_subcell,piecewise_linear_interpolation_on_p10_p25_p50_p75_p90; tail p90_to_p99 extrapolated; shock implemented as baseline_metric + shock_delta >= threshold,NYFED_HHDC_Q1_2026;FRB_CHARGEOFF_ALL_BANKS_SA_2026Q1;FRB_DELINQUENCY_ALL_BANKS_SA_2026Q1;FED_AUTO_PAYMENTS_NOTE_2024;OWNER_ASSUMPTION_DISTRESS_V2B,FRB_SCF_2022_PAYMENT_TO_INCOME;FRED_TDSP_Q1_2026;PROJECT_CELL_RULES_PROXY,proxy_calibrated_public_percentiles,"To evaluate a bp shock, engine maps bp shock to shock_delta_metric_ratio by cell/instrument, then interpolates this table or repeats the same formula."
threshold_exceedance_share_from_percentile_distribution,hh_constrained_net_borrower,hh_constrained_net_borrower,consumer_personal_other,P_to_X,performing_to_distressed_dsr_threshold,0.32,0.36,0.41,household_DSR_total_required_debt_service_to_income,0.0,0.36,0.303571,share_of_cell_or_subcell,piecewise_linear_interpolation_on_p10_p25_p50_p75_p90; tail p90_to_p99 extrapolated; shock implemented as baseline_metric + shock_delta >= threshold,NYFED_HHDC_Q1_2026;FRB_CHARGEOFF_ALL_BANKS_SA_2026Q1;FRB_DELINQUENCY_ALL_BANKS_SA_2026Q1;OWNER_ASSUMPTION_DISTRESS_V2B,FRB_SCF_2022_PAYMENT_TO_INCOME;FRED_TDSP_Q1_2026;PROJECT_CELL_RULES_PROXY,proxy_calibrated_public_percentiles,"To evaluate a bp shock, engine maps bp shock to shock_delta_metric_ratio by cell/instrument, then interpolates this table or repeats the same formula."
threshold_exceedance_share_from_percentile_distribution,hh_constrained_net_borrower,hh_constrained_net_borrower,consumer_personal_other,P_to_X,performing_to_distressed_dsr_threshold,0.32,0.36,0.41,household_DSR_total_required_debt_service_to_income,0.01,0.35,0.321429,share_of_cell_or_subcell,piecewise_linear_interpolation_on_p10_p25_p50_p75_p90; tail p90_to_p99 extrapolated; shock implemented as baseline_metric + shock_delta >= threshold,NYFED_HHDC_Q1_2026;FRB_CHARGEOFF_ALL_BANKS_SA_2026Q1;FRB_DELINQUENCY_ALL_BANKS_SA_2026Q1;OWNER_ASSUMPTION_DISTRESS_V2B,FRB_SCF_2022_PAYMENT_TO_INCOME;FRED_TDSP_Q1_2026;PROJECT_CELL_RULES_PROXY,proxy_calibrated_public_percentiles,"To evaluate a bp shock, engine maps bp shock to shock_delta_metric_ratio by cell/instrument, then interpolates this table or repeats the same formula."
threshold_exceedance_share_from_percentile_distribution,hh_constrained_net_borrower,hh_constrained_net_borrower,consumer_personal_other,P_to_X,performing_to_distressed_dsr_threshold,0.32,0.36,0.41,household_DSR_total_required_debt_service_to_income,0.02,0.34,0.339286,share_of_cell_or_subcell,piecewise_linear_interpolation_on_p10_p25_p50_p75_p90; tail p90_to_p99 extrapolated; shock implemented as baseline_metric + shock_delta >= threshold,NYFED_HHDC_Q1_2026;FRB_CHARGEOFF_ALL_BANKS_SA_2026Q1;FRB_DELINQUENCY_ALL_BANKS_SA_2026Q1;OWNER_ASSUMPTION_DISTRESS_V2B,FRB_SCF_2022_PAYMENT_TO_INCOME;FRED_TDSP_Q1_2026;PROJECT_CELL_RULES_PROXY,proxy_calibrated_public_percentiles,"To evaluate a bp shock, engine maps bp shock to shock_delta_metric_ratio by cell/instrument, then interpolates this table or repeats the same formula."
threshold_exceedance_share_from_percentile_distribution,hh_constrained_net_borrower,hh_constrained_net_borrower,consumer_personal_other,P_to_X,performing_to_distressed_dsr_threshold,0.32,0.36,0.41,household_DSR_total_required_debt_service_to_income,0.05,0.31,0.392857,share_of_cell_or_subcell,piecewise_linear_interpolation_on_p10_p25_p50_p75_p90; tail p90_to_p99 extrapolated; shock implemented as baseline_metric + shock_delta >= threshold,NYFED_HHDC_Q1_2026;FRB_CHARGEOFF_ALL_BANKS_SA_2026Q1;FRB_DELINQUENCY_ALL_BANKS_SA_2026Q1;OWNER_ASSUMPTION_DISTRESS_V2B,FRB_SCF_2022_PAYMENT_TO_INCOME;FRED_TDSP_Q1_2026;PROJECT_CELL_RULES_PROXY,proxy_calibrated_public_percentiles,"To evaluate a bp shock, engine maps bp shock to shock_delta_metric_ratio by cell/instrument, then interpolates this table or repeats the same formula."
threshold_exceedance_share_from_percentile_distribution,hh_constrained_net_borrower,hh_constrained_net_borrower,consumer_personal_other,P_to_X,performing_to_distressed_dsr_threshold,0.32,0.36,0.41,household_DSR_total_required_debt_service_to_income,0.1,0.26,0.482143,share_of_cell_or_subcell,piecewise_linear_interpolation_on_p10_p25_p50_p75_p90; tail p90_to_p99 extrapolated; shock implemented as baseline_metric + shock_delta >= threshold,NYFED_HHDC_Q1_2026;FRB_CHARGEOFF_ALL_BANKS_SA_2026Q1;FRB_DELINQUENCY_ALL_BANKS_SA_2026Q1;OWNER_ASSUMPTION_DISTRESS_V2B,FRB_SCF_2022_PAYMENT_TO_INCOME;FRED_TDSP_Q1_2026;PROJECT_CELL_RULES_PROXY,proxy_calibrated_public_percentiles,"To evaluate a bp shock, engine maps bp shock to shock_delta_metric_ratio by cell/instrument, then interpolates this table or repeats the same formula."
threshold_exceedance_share_from_percentile_distribution,hh_constrained_net_borrower,hh_constrained_net_borrower,consumer_personal_other,P_to_X,performing_to_distressed_dsr_threshold,0.32,0.36,0.41,household_DSR_total_required_debt_service_to_income,0.15,0.21,0.576923,share_of_cell_or_subcell,piecewise_linear_interpolation_on_p10_p25_p50_p75_p90; tail p90_to_p99 extrapolated; shock implemented as baseline_metric + shock_delta >= threshold,NYFED_HHDC_Q1_2026;FRB_CHARGEOFF_ALL_BANKS_SA_2026Q1;FRB_DELINQUENCY_ALL_BANKS_SA_2026Q1;OWNER_ASSUMPTION_DISTRESS_V2B,FRB_SCF_2022_PAYMENT_TO_INCOME;FRED_TDSP_Q1_2026;PROJECT_CELL_RULES_PROXY,proxy_calibrated_public_percentiles,"To evaluate a bp shock, engine maps bp shock to shock_delta_metric_ratio by cell/instrument, then interpolates this table or repeats the same formula."
threshold_exceedance_share_from_percentile_distribution,hh_constrained_net_borrower,hh_constrained_net_borrower,consumer_personal_other,P_to_X,performing_to_distressed_dsr_threshold,0.32,0.36,0.41,household_DSR_total_required_debt_service_to_income,0.25,0.11,0.76875,share_of_cell_or_subcell,piecewise_linear_interpolation_on_p10_p25_p50_p75_p90; tail p90_to_p99 extrapolated; shock implemented as baseline_metric + shock_delta >= threshold,NYFED_HHDC_Q1_2026;FRB_CHARGEOFF_ALL_BANKS_SA_2026Q1;FRB_DELINQUENCY_ALL_BANKS_SA_2026Q1;OWNER_ASSUMPTION_DISTRESS_V2B,FRB_SCF_2022_PAYMENT_TO_INCOME;FRED_TDSP_Q1_2026;PROJECT_CELL_RULES_PROXY,proxy_calibrated_public_percentiles,"To evaluate a bp shock, engine maps bp shock to shock_delta_metric_ratio by cell/instrument, then interpolates this table or repeats the same formula."
threshold_exceedance_share_from_percentile_distribution,hh_constrained_net_borrower,hh_constrained_net_borrower,consumer_personal_other,P_to_N,performing_to_default_dsr_threshold,0.4,0.45,0.52,household_DSR_total_required_debt_service_to_income,0.0,0.45,0.19375,share_of_cell_or_subcell,piecewise_linear_interpolation_on_p10_p25_p50_p75_p90; tail p90_to_p99 extrapolated; shock implemented as baseline_metric + shock_delta >= threshold,NYFED_HHDC_Q1_2026;FRB_CHARGEOFF_ALL_BANKS_SA_2026Q1;FRB_DELINQUENCY_ALL_BANKS_SA_2026Q1;OWNER_ASSUMPTION_DISTRESS_V2B,FRB_SCF_2022_PAYMENT_TO_INCOME;FRED_TDSP_Q1_2026;PROJECT_CELL_RULES_PROXY,proxy_calibrated_public_percentiles,"To evaluate a bp shock, engine maps bp shock to shock_delta_metric_ratio by cell/instrument, then interpolates this table or repeats the same formula."
threshold_exceedance_share_from_percentile_distribution,hh_constrained_net_borrower,hh_constrained_net_borrower,consumer_personal_other,P_to_N,performing_to_default_dsr_threshold,0.4,0.45,0.52,household_DSR_total_required_debt_service_to_income,0.01,0.44,0.203125,share_of_cell_or_subcell,piecewise_linear_interpolation_on_p10_p25_p50_p75_p90; tail p90_to_p99 extrapolated; shock implemented as baseline_metric + shock_delta >= threshold,NYFED_HHDC_Q1_2026;FRB_CHARGEOFF_ALL_BANKS_SA_2026Q1;FRB_DELINQUENCY_ALL_BANKS_SA_2026Q1;OWNER_ASSUMPTION_DISTRESS_V2B,FRB_SCF_2022_PAYMENT_TO_INCOME;FRED_TDSP_Q1_2026;PROJECT_CELL_RULES_PROXY,proxy_calibrated_public_percentiles,"To evaluate a bp shock, engine maps bp shock to shock_delta_metric_ratio by cell/instrument, then interpolates this table or repeats the same formula."
threshold_exceedance_share_from_percentile_distribution,hh_constrained_net_borrower,hh_constrained_net_borrower,consumer_personal_other,P_to_N,performing_to_default_dsr_threshold,0.4,0.45,0.52,household_DSR_total_required_debt_service_to_income,0.02,0.43,0.2125,share_of_cell_or_subcell,piecewise_linear_interpolation_on_p10_p25_p50_p75_p90; tail p90_to_p99 extrapolated; shock implemented as baseline_metric + shock_delta >= threshold,NYFED_HHDC_Q1_2026;FRB_CHARGEOFF_ALL_BANKS_SA_2026Q1;FRB_DELINQUENCY_ALL_BANKS_SA_2026Q1;OWNER_ASSUMPTION_DISTRESS_V2B,FRB_SCF_2022_PAYMENT_TO_INCOME;FRED_TDSP_Q1_2026;PROJECT_CELL_RULES_PROXY,proxy_calibrated_public_percentiles,"To evaluate a bp shock, engine maps bp shock to shock_delta_metric_ratio by cell/instrument, then interpolates this table or repeats the same formula."
threshold_exceedance_share_from_percentile_distribution,hh_constrained_net_borrower,hh_constrained_net_borrower,consumer_personal_other,P_to_N,performing_to_default_dsr_threshold,0.4,0.45,0.52,household_DSR_total_required_debt_service_to_income,0.05,0.4,0.240625,share_of_cell_or_subcell,piecewise_linear_interpolation_on_p10_p25_p50_p75_p90; tail p90_to_p99 extrapolated; shock implemented as baseline_metric + shock_delta >= threshold,NYFED_HHDC_Q1_2026;FRB_CHARGEOFF_ALL_BANKS_SA_2026Q1;FRB_DELINQUENCY_ALL_BANKS_SA_2026Q1;OWNER_ASSUMPTION_DISTRESS_V2B,FRB_SCF_2022_PAYMENT_TO_INCOME;FRED_TDSP_Q1_2026;PROJECT_CELL_RULES_PROXY,proxy_calibrated_public_percentiles,"To evaluate a bp shock, engine maps bp shock to shock_delta_metric_ratio by cell/instrument, then interpolates this table or repeats the same formula."
threshold_exceedance_share_from_percentile_distribution,hh_constrained_net_borrower,hh_constrained_net_borrower,consumer_personal_other,P_to_N,performing_to_default_dsr_threshold,0.4,0.45,0.52,household_DSR_total_required_debt_service_to_income,0.1,0.35,0.321429,share_of_cell_or_subcell,piecewise_linear_interpolation_on_p10_p25_p50_p75_p90; tail p90_to_p99 extrapolated; shock implemented as baseline_metric + shock_delta >= threshold,NYFED_HHDC_Q1_2026;FRB_CHARGEOFF_ALL_BANKS_SA_2026Q1;FRB_DELINQUENCY_ALL_BANKS_SA_2026Q1;OWNER_ASSUMPTION_DISTRESS_V2B,FRB_SCF_2022_PAYMENT_TO_INCOME;FRED_TDSP_Q1_2026;PROJECT_CELL_RULES_PROXY,proxy_calibrated_public_percentiles,"To evaluate a bp shock, engine maps bp shock to shock_delta_metric_ratio by cell/instrument, then interpolates this table or repeats the same formula."
threshold_exceedance_share_from_percentile_distribution,hh_constrained_net_borrower,hh_constrained_net_borrower,consumer_personal_other,P_to_N,performing_to_default_dsr_threshold,0.4,0.45,0.52,household_DSR_total_required_debt_service_to_income,0.15,0.3,0.410714,share_of_cell_or_subcell,piecewise_linear_interpolation_on_p10_p25_p50_p75_p90; tail p90_to_p99 extrapolated; shock implemented as baseline_metric + shock_delta >= threshold,NYFED_HHDC_Q1_2026;FRB_CHARGEOFF_ALL_BANKS_SA_2026Q1;FRB_DELINQUENCY_ALL_BANKS_SA_2026Q1;OWNER_ASSUMPTION_DISTRESS_V2B,FRB_SCF_2022_PAYMENT_TO_INCOME;FRED_TDSP_Q1_2026;PROJECT_CELL_RULES_PROXY,proxy_calibrated_public_percentiles,"To evaluate a bp shock, engine maps bp shock to shock_delta_metric_ratio by cell/instrument, then interpolates this table or repeats the same formula."
threshold_exceedance_share_from_percentile_distribution,hh_constrained_net_borrower,hh_constrained_net_borrower,consumer_personal_other,P_to_N,performing_to_default_dsr_threshold,0.4,0.45,0.52,household_DSR_total_required_debt_service_to_income,0.25,0.2,0.596154,share_of_cell_or_subcell,piecewise_linear_interpolation_on_p10_p25_p50_p75_p90; tail p90_to_p99 extrapolated; shock implemented as baseline_metric + shock_delta >= threshold,NYFED_HHDC_Q1_2026;FRB_CHARGEOFF_ALL_BANKS_SA_2026Q1;FRB_DELINQUENCY_ALL_BANKS_SA_2026Q1;OWNER_ASSUMPTION_DISTRESS_V2B,FRB_SCF_2022_PAYMENT_TO_INCOME;FRED_TDSP_Q1_2026;PROJECT_CELL_RULES_PROXY,proxy_calibrated_public_percentiles,"To evaluate a bp shock, engine maps bp shock to shock_delta_metric_ratio by cell/instrument, then interpolates this table or repeats the same formula."
threshold_exceedance_share_from_percentile_distribution,hh_constrained_net_borrower,hh_constrained_net_borrower,student_private_variable,P_to_X,performing_to_distressed_dsr_threshold,0.22,0.25,0.3,household_DSR_total_required_debt_service_to_income,0.0,0.25,0.5,share_of_cell_or_subcell,piecewise_linear_interpolation_on_p10_p25_p50_p75_p90; tail p90_to_p99 extrapolated; shock implemented as baseline_metric + shock_delta >= threshold,NYFED_HHDC_Q1_2026;FED_SHED_STUDENT_2024;NCUA_PRIVATE_STUDENT_LOANS;PHILADELPHIAFED_STUDENT_DEFAULT_OUTCOMES_2025;OWNER_ASSUMPTION_DISTRESS_V2B,FRB_SCF_2022_PAYMENT_TO_INCOME;FRED_TDSP_Q1_2026;PROJECT_CELL_RULES_PROXY,proxy_calibrated_public_percentiles,"To evaluate a bp shock, engine maps bp shock to shock_delta_metric_ratio by cell/instrument, then interpolates this table or repeats the same formula."
threshold_exceedance_share_from_percentile_distribution,hh_constrained_net_borrower,hh_constrained_net_borrower,student_private_variable,P_to_X,performing_to_distressed_dsr_threshold,0.22,0.25,0.3,household_DSR_total_required_debt_service_to_income,0.01,0.24,0.519231,share_of_cell_or_subcell,piecewise_linear_interpolation_on_p10_p25_p50_p75_p90; tail p90_to_p99 extrapolated; shock implemented as baseline_metric + shock_delta >= threshold,NYFED_HHDC_Q1_2026;FED_SHED_STUDENT_2024;NCUA_PRIVATE_STUDENT_LOANS;PHILADELPHIAFED_STUDENT_DEFAULT_OUTCOMES_2025;OWNER_ASSUMPTION_DISTRESS_V2B,FRB_SCF_2022_PAYMENT_TO_INCOME;FRED_TDSP_Q1_2026;PROJECT_CELL_RULES_PROXY,proxy_calibrated_public_percentiles,"To evaluate a bp shock, engine maps bp shock to shock_delta_metric_ratio by cell/instrument, then interpolates this table or repeats the same formula."
threshold_exceedance_share_from_percentile_distribution,hh_constrained_net_borrower,hh_constrained_net_borrower,student_private_variable,P_to_X,performing_to_distressed_dsr_threshold,0.22,0.25,0.3,household_DSR_total_required_debt_service_to_income,0.02,0.23,0.538462,share_of_cell_or_subcell,piecewise_linear_interpolation_on_p10_p25_p50_p75_p90; tail p90_to_p99 extrapolated; shock implemented as baseline_metric + shock_delta >= threshold,NYFED_HHDC_Q1_2026;FED_SHED_STUDENT_2024;NCUA_PRIVATE_STUDENT_LOANS;PHILADELPHIAFED_STUDENT_DEFAULT_OUTCOMES_2025;OWNER_ASSUMPTION_DISTRESS_V2B,FRB_SCF_2022_PAYMENT_TO_INCOME;FRED_TDSP_Q1_2026;PROJECT_CELL_RULES_PROXY,proxy_calibrated_public_percentiles,"To evaluate a bp shock, engine maps bp shock to shock_delta_metric_ratio by cell/instrument, then interpolates this table or repeats the same formula."
threshold_exceedance_share_from_percentile_distribution,hh_constrained_net_borrower,hh_constrained_net_borrower,student_private_variable,P_to_X,performing_to_distressed_dsr_threshold,0.22,0.25,0.3,household_DSR_total_required_debt_service_to_income,0.05,0.2,0.596154,share_of_cell_or_subcell,piecewise_linear_interpolation_on_p10_p25_p50_p75_p90; tail p90_to_p99 extrapolated; shock implemented as baseline_metric + shock_delta >= threshold,NYFED_HHDC_Q1_2026;FED_SHED_STUDENT_2024;NCUA_PRIVATE_STUDENT_LOANS;PHILADELPHIAFED_STUDENT_DEFAULT_OUTCOMES_2025;OWNER_ASSUMPTION_DISTRESS_V2B,FRB_SCF_2022_PAYMENT_TO_INCOME;FRED_TDSP_Q1_2026;PROJECT_CELL_RULES_PROXY,proxy_calibrated_public_percentiles,"To evaluate a bp shock, engine maps bp shock to shock_delta_metric_ratio by cell/instrument, then interpolates this table or repeats the same formula."
threshold_exceedance_share_from_percentile_distribution,hh_constrained_net_borrower,hh_constrained_net_borrower,student_private_variable,P_to_X,performing_to_distressed_dsr_threshold,0.22,0.25,0.3,household_DSR_total_required_debt_service_to_income,0.1,0.15,0.692308,share_of_cell_or_subcell,piecewise_linear_interpolation_on_p10_p25_p50_p75_p90; tail p90_to_p99 extrapolated; shock implemented as baseline_metric + shock_delta >= threshold,NYFED_HHDC_Q1_2026;FED_SHED_STUDENT_2024;NCUA_PRIVATE_STUDENT_LOANS;PHILADELPHIAFED_STUDENT_DEFAULT_OUTCOMES_2025;OWNER_ASSUMPTION_DISTRESS_V2B,FRB_SCF_2022_PAYMENT_TO_INCOME;FRED_TDSP_Q1_2026;PROJECT_CELL_RULES_PROXY,proxy_calibrated_public_percentiles,"To evaluate a bp shock, engine maps bp shock to shock_delta_metric_ratio by cell/instrument, then interpolates this table or repeats the same formula."
threshold_exceedance_share_from_percentile_distribution,hh_constrained_net_borrower,hh_constrained_net_borrower,student_private_variable,P_to_X,performing_to_distressed_dsr_threshold,0.22,0.25,0.3,household_DSR_total_required_debt_service_to_income,0.15,0.1,0.7875,share_of_cell_or_subcell,piecewise_linear_interpolation_on_p10_p25_p50_p75_p90; tail p90_to_p99 extrapolated; shock implemented as baseline_metric + shock_delta >= threshold,NYFED_HHDC_Q1_2026;FED_SHED_STUDENT_2024;NCUA_PRIVATE_STUDENT_LOANS;PHILADELPHIAFED_STUDENT_DEFAULT_OUTCOMES_2025;OWNER_ASSUMPTION_DISTRESS_V2B,FRB_SCF_2022_PAYMENT_TO_INCOME;FRED_TDSP_Q1_2026;PROJECT_CELL_RULES_PROXY,proxy_calibrated_public_percentiles,"To evaluate a bp shock, engine maps bp shock to shock_delta_metric_ratio by cell/instrument, then interpolates this table or repeats the same formula."
threshold_exceedance_share_from_percentile_distribution,hh_constrained_net_borrower,hh_constrained_net_borrower,student_private_variable,P_to_X,performing_to_distressed_dsr_threshold,0.22,0.25,0.3,household_DSR_total_required_debt_service_to_income,0.25,0.0,1.0,share_of_cell_or_subcell,piecewise_linear_interpolation_on_p10_p25_p50_p75_p90; tail p90_to_p99 extrapolated; shock implemented as baseline_metric + shock_delta >= threshold,NYFED_HHDC_Q1_2026;FED_SHED_STUDENT_2024;NCUA_PRIVATE_STUDENT_LOANS;PHILADELPHIAFED_STUDENT_DEFAULT_OUTCOMES_2025;OWNER_ASSUMPTION_DISTRESS_V2B,FRB_SCF_2022_PAYMENT_TO_INCOME;FRED_TDSP_Q1_2026;PROJECT_CELL_RULES_PROXY,proxy_calibrated_public_percentiles,"To evaluate a bp shock, engine maps bp shock to shock_delta_metric_ratio by cell/instrument, then interpolates this table or repeats the same formula."
threshold_exceedance_share_from_percentile_distribution,hh_middle_owner_illiquid,hh_middle_owner_illiquid,student_private_variable,P_to_X,performing_to_distressed_dsr_threshold,0.22,0.25,0.3,household_DSR_total_required_debt_service_to_income,0.0,0.25,0.354167,share_of_cell_or_subcell,piecewise_linear_interpolation_on_p10_p25_p50_p75_p90; tail p90_to_p99 extrapolated; shock implemented as baseline_metric + shock_delta >= threshold,NYFED_HHDC_Q1_2026;FED_SHED_STUDENT_2024;NCUA_PRIVATE_STUDENT_LOANS;PHILADELPHIAFED_STUDENT_DEFAULT_OUTCOMES_2025;OWNER_ASSUMPTION_DISTRESS_V2B,FRB_SCF_2022_PAYMENT_TO_INCOME;FRED_TDSP_Q1_2026;PROJECT_CELL_RULES_PROXY,proxy_calibrated_public_percentiles,"To evaluate a bp shock, engine maps bp shock to shock_delta_metric_ratio by cell/instrument, then interpolates this table or repeats the same formula."
threshold_exceedance_share_from_percentile_distribution,hh_middle_owner_illiquid,hh_middle_owner_illiquid,student_private_variable,P_to_X,performing_to_distressed_dsr_threshold,0.22,0.25,0.3,household_DSR_total_required_debt_service_to_income,0.01,0.24,0.375,share_of_cell_or_subcell,piecewise_linear_interpolation_on_p10_p25_p50_p75_p90; tail p90_to_p99 extrapolated; shock implemented as baseline_metric + shock_delta >= threshold,NYFED_HHDC_Q1_2026;FED_SHED_STUDENT_2024;NCUA_PRIVATE_STUDENT_LOANS;PHILADELPHIAFED_STUDENT_DEFAULT_OUTCOMES_2025;OWNER_ASSUMPTION_DISTRESS_V2B,FRB_SCF_2022_PAYMENT_TO_INCOME;FRED_TDSP_Q1_2026;PROJECT_CELL_RULES_PROXY,proxy_calibrated_public_percentiles,"To evaluate a bp shock, engine maps bp shock to shock_delta_metric_ratio by cell/instrument, then interpolates this table or repeats the same formula."
threshold_exceedance_share_from_percentile_distribution,hh_middle_owner_illiquid,hh_middle_owner_illiquid,student_private_variable,P_to_X,performing_to_distressed_dsr_threshold,0.22,0.25,0.3,household_DSR_total_required_debt_service_to_income,0.02,0.23,0.395833,share_of_cell_or_subcell,piecewise_linear_interpolation_on_p10_p25_p50_p75_p90; tail p90_to_p99 extrapolated; shock implemented as baseline_metric + shock_delta >= threshold,NYFED_HHDC_Q1_2026;FED_SHED_STUDENT_2024;NCUA_PRIVATE_STUDENT_LOANS;PHILADELPHIAFED_STUDENT_DEFAULT_OUTCOMES_2025;OWNER_ASSUMPTION_DISTRESS_V2B,FRB_SCF_2022_PAYMENT_TO_INCOME;FRED_TDSP_Q1_2026;PROJECT_CELL_RULES_PROXY,proxy_calibrated_public_percentiles,"To evaluate a bp shock, engine maps bp shock to shock_delta_metric_ratio by cell/instrument, then interpolates this table or repeats the same formula."
threshold_exceedance_share_from_percentile_distribution,hh_middle_owner_illiquid,hh_middle_owner_illiquid,student_private_variable,P_to_X,performing_to_distressed_dsr_threshold,0.22,0.25,0.3,household_DSR_total_required_debt_service_to_income,0.05,0.2,0.458333,share_of_cell_or_subcell,piecewise_linear_interpolation_on_p10_p25_p50_p75_p90; tail p90_to_p99 extrapolated; shock implemented as baseline_metric + shock_delta >= threshold,NYFED_HHDC_Q1_2026;FED_SHED_STUDENT_2024;NCUA_PRIVATE_STUDENT_LOANS;PHILADELPHIAFED_STUDENT_DEFAULT_OUTCOMES_2025;OWNER_ASSUMPTION_DISTRESS_V2B,FRB_SCF_2022_PAYMENT_TO_INCOME;FRED_TDSP_Q1_2026;PROJECT_CELL_RULES_PROXY,proxy_calibrated_public_percentiles,"To evaluate a bp shock, engine maps bp shock to shock_delta_metric_ratio by cell/instrument, then interpolates this table or repeats the same formula."
threshold_exceedance_share_from_percentile_distribution,hh_middle_owner_illiquid,hh_middle_owner_illiquid,student_private_variable,P_to_X,performing_to_distressed_dsr_threshold,0.22,0.25,0.3,household_DSR_total_required_debt_service_to_income,0.1,0.15,0.575,share_of_cell_or_subcell,piecewise_linear_interpolation_on_p10_p25_p50_p75_p90; tail p90_to_p99 extrapolated; shock implemented as baseline_metric + shock_delta >= threshold,NYFED_HHDC_Q1_2026;FED_SHED_STUDENT_2024;NCUA_PRIVATE_STUDENT_LOANS;PHILADELPHIAFED_STUDENT_DEFAULT_OUTCOMES_2025;OWNER_ASSUMPTION_DISTRESS_V2B,FRB_SCF_2022_PAYMENT_TO_INCOME;FRED_TDSP_Q1_2026;PROJECT_CELL_RULES_PROXY,proxy_calibrated_public_percentiles,"To evaluate a bp shock, engine maps bp shock to shock_delta_metric_ratio by cell/instrument, then interpolates this table or repeats the same formula."
threshold_exceedance_share_from_percentile_distribution,hh_middle_owner_illiquid,hh_middle_owner_illiquid,student_private_variable,P_to_X,performing_to_distressed_dsr_threshold,0.22,0.25,0.3,household_DSR_total_required_debt_service_to_income,0.15,0.1,0.7,share_of_cell_or_subcell,piecewise_linear_interpolation_on_p10_p25_p50_p75_p90; tail p90_to_p99 extrapolated; shock implemented as baseline_metric + shock_delta >= threshold,NYFED_HHDC_Q1_2026;FED_SHED_STUDENT_2024;NCUA_PRIVATE_STUDENT_LOANS;PHILADELPHIAFED_STUDENT_DEFAULT_OUTCOMES_2025;OWNER_ASSUMPTION_DISTRESS_V2B,FRB_SCF_2022_PAYMENT_TO_INCOME;FRED_TDSP_Q1_2026;PROJECT_CELL_RULES_PROXY,proxy_calibrated_public_percentiles,"To evaluate a bp shock, engine maps bp shock to shock_delta_metric_ratio by cell/instrument, then interpolates this table or repeats the same formula."
threshold_exceedance_share_from_percentile_distribution,hh_middle_owner_illiquid,hh_middle_owner_illiquid,student_private_variable,P_to_X,performing_to_distressed_dsr_threshold,0.22,0.25,0.3,household_DSR_total_required_debt_service_to_income,0.25,0.0,1.0,share_of_cell_or_subcell,piecewise_linear_interpolation_on_p10_p25_p50_p75_p90; tail p90_to_p99 extrapolated; shock implemented as baseline_metric + shock_delta >= threshold,NYFED_HHDC_Q1_2026;FED_SHED_STUDENT_2024;NCUA_PRIVATE_STUDENT_LOANS;PHILADELPHIAFED_STUDENT_DEFAULT_OUTCOMES_2025;OWNER_ASSUMPTION_DISTRESS_V2B,FRB_SCF_2022_PAYMENT_TO_INCOME;FRED_TDSP_Q1_2026;PROJECT_CELL_RULES_PROXY,proxy_calibrated_public_percentiles,"To evaluate a bp shock, engine maps bp shock to shock_delta_metric_ratio by cell/instrument, then interpolates this table or repeats the same formula."
threshold_exceedance_share_from_percentile_distribution,hh_constrained_net_borrower,hh_constrained_net_borrower,student_private_variable,P_to_N,performing_to_default_dsr_threshold,0.32,0.36,0.42,household_DSR_total_required_debt_service_to_income,0.0,0.36,0.303571,share_of_cell_or_subcell,piecewise_linear_interpolation_on_p10_p25_p50_p75_p90; tail p90_to_p99 extrapolated; shock implemented as baseline_metric + shock_delta >= threshold,NYFED_HHDC_Q1_2026;FED_SHED_STUDENT_2024;NCUA_PRIVATE_STUDENT_LOANS;PHILADELPHIAFED_STUDENT_DEFAULT_OUTCOMES_2025;OWNER_ASSUMPTION_DISTRESS_V2B,FRB_SCF_2022_PAYMENT_TO_INCOME;FRED_TDSP_Q1_2026;PROJECT_CELL_RULES_PROXY,proxy_calibrated_public_percentiles,"To evaluate a bp shock, engine maps bp shock to shock_delta_metric_ratio by cell/instrument, then interpolates this table or repeats the same formula."
threshold_exceedance_share_from_percentile_distribution,hh_constrained_net_borrower,hh_constrained_net_borrower,student_private_variable,P_to_N,performing_to_default_dsr_threshold,0.32,0.36,0.42,household_DSR_total_required_debt_service_to_income,0.01,0.35,0.321429,share_of_cell_or_subcell,piecewise_linear_interpolation_on_p10_p25_p50_p75_p90; tail p90_to_p99 extrapolated; shock implemented as baseline_metric + shock_delta >= threshold,NYFED_HHDC_Q1_2026;FED_SHED_STUDENT_2024;NCUA_PRIVATE_STUDENT_LOANS;PHILADELPHIAFED_STUDENT_DEFAULT_OUTCOMES_2025;OWNER_ASSUMPTION_DISTRESS_V2B,FRB_SCF_2022_PAYMENT_TO_INCOME;FRED_TDSP_Q1_2026;PROJECT_CELL_RULES_PROXY,proxy_calibrated_public_percentiles,"To evaluate a bp shock, engine maps bp shock to shock_delta_metric_ratio by cell/instrument, then interpolates this table or repeats the same formula."
threshold_exceedance_share_from_percentile_distribution,hh_constrained_net_borrower,hh_constrained_net_borrower,student_private_variable,P_to_N,performing_to_default_dsr_threshold,0.32,0.36,0.42,household_DSR_total_required_debt_service_to_income,0.02,0.34,0.339286,share_of_cell_or_subcell,piecewise_linear_interpolation_on_p10_p25_p50_p75_p90; tail p90_to_p99 extrapolated; shock implemented as baseline_metric + shock_delta >= threshold,NYFED_HHDC_Q1_2026;FED_SHED_STUDENT_2024;NCUA_PRIVATE_STUDENT_LOANS;PHILADELPHIAFED_STUDENT_DEFAULT_OUTCOMES_2025;OWNER_ASSUMPTION_DISTRESS_V2B,FRB_SCF_2022_PAYMENT_TO_INCOME;FRED_TDSP_Q1_2026;PROJECT_CELL_RULES_PROXY,proxy_calibrated_public_percentiles,"To evaluate a bp shock, engine maps bp shock to shock_delta_metric_ratio by cell/instrument, then interpolates this table or repeats the same formula."
threshold_exceedance_share_from_percentile_distribution,hh_constrained_net_borrower,hh_constrained_net_borrower,student_private_variable,P_to_N,performing_to_default_dsr_threshold,0.32,0.36,0.42,household_DSR_total_required_debt_service_to_income,0.05,0.31,0.392857,share_of_cell_or_subcell,piecewise_linear_interpolation_on_p10_p25_p50_p75_p90; tail p90_to_p99 extrapolated; shock implemented as baseline_metric + shock_delta >= threshold,NYFED_HHDC_Q1_2026;FED_SHED_STUDENT_2024;NCUA_PRIVATE_STUDENT_LOANS;PHILADELPHIAFED_STUDENT_DEFAULT_OUTCOMES_2025;OWNER_ASSUMPTION_DISTRESS_V2B,FRB_SCF_2022_PAYMENT_TO_INCOME;FRED_TDSP_Q1_2026;PROJECT_CELL_RULES_PROXY,proxy_calibrated_public_percentiles,"To evaluate a bp shock, engine maps bp shock to shock_delta_metric_ratio by cell/instrument, then interpolates this table or repeats the same formula."
threshold_exceedance_share_from_percentile_distribution,hh_constrained_net_borrower,hh_constrained_net_borrower,student_private_variable,P_to_N,performing_to_default_dsr_threshold,0.32,0.36,0.42,household_DSR_total_required_debt_service_to_income,0.1,0.26,0.482143,share_of_cell_or_subcell,piecewise_linear_interpolation_on_p10_p25_p50_p75_p90; tail p90_to_p99 extrapolated; shock implemented as baseline_metric + shock_delta >= threshold,NYFED_HHDC_Q1_2026;FED_SHED_STUDENT_2024;NCUA_PRIVATE_STUDENT_LOANS;PHILADELPHIAFED_STUDENT_DEFAULT_OUTCOMES_2025;OWNER_ASSUMPTION_DISTRESS_V2B,FRB_SCF_2022_PAYMENT_TO_INCOME;FRED_TDSP_Q1_2026;PROJECT_CELL_RULES_PROXY,proxy_calibrated_public_percentiles,"To evaluate a bp shock, engine maps bp shock to shock_delta_metric_ratio by cell/instrument, then interpolates this table or repeats the same formula."
threshold_exceedance_share_from_percentile_distribution,hh_constrained_net_borrower,hh_constrained_net_borrower,student_private_variable,P_to_N,performing_to_default_dsr_threshold,0.32,0.36,0.42,household_DSR_total_required_debt_service_to_income,0.15,0.21,0.576923,share_of_cell_or_subcell,piecewise_linear_interpolation_on_p10_p25_p50_p75_p90; tail p90_to_p99 extrapolated; shock implemented as baseline_metric + shock_delta >= threshold,NYFED_HHDC_Q1_2026;FED_SHED_STUDENT_2024;NCUA_PRIVATE_STUDENT_LOANS;PHILADELPHIAFED_STUDENT_DEFAULT_OUTCOMES_2025;OWNER_ASSUMPTION_DISTRESS_V2B,FRB_SCF_2022_PAYMENT_TO_INCOME;FRED_TDSP_Q1_2026;PROJECT_CELL_RULES_PROXY,proxy_calibrated_public_percentiles,"To evaluate a bp shock, engine maps bp shock to shock_delta_metric_ratio by cell/instrument, then interpolates this table or repeats the same formula."
threshold_exceedance_share_from_percentile_distribution,hh_constrained_net_borrower,hh_constrained_net_borrower,student_private_variable,P_to_N,performing_to_default_dsr_threshold,0.32,0.36,0.42,household_DSR_total_required_debt_service_to_income,0.25,0.11,0.76875,share_of_cell_or_subcell,piecewise_linear_interpolation_on_p10_p25_p50_p75_p90; tail p90_to_p99 extrapolated; shock implemented as baseline_metric + shock_delta >= threshold,NYFED_HHDC_Q1_2026;FED_SHED_STUDENT_2024;NCUA_PRIVATE_STUDENT_LOANS;PHILADELPHIAFED_STUDENT_DEFAULT_OUTCOMES_2025;OWNER_ASSUMPTION_DISTRESS_V2B,FRB_SCF_2022_PAYMENT_TO_INCOME;FRED_TDSP_Q1_2026;PROJECT_CELL_RULES_PROXY,proxy_calibrated_public_percentiles,"To evaluate a bp shock, engine maps bp shock to shock_delta_metric_ratio by cell/instrument, then interpolates this table or repeats the same formula."
threshold_exceedance_share_from_percentile_distribution,hh_middle_owner_illiquid,hh_middle_owner_illiquid,student_private_variable,P_to_N,performing_to_default_dsr_threshold,0.32,0.36,0.42,household_DSR_total_required_debt_service_to_income,0.0,0.36,0.180769,share_of_cell_or_subcell,piecewise_linear_interpolation_on_p10_p25_p50_p75_p90; tail p90_to_p99 extrapolated; shock implemented as baseline_metric + shock_delta >= threshold,NYFED_HHDC_Q1_2026;FED_SHED_STUDENT_2024;NCUA_PRIVATE_STUDENT_LOANS;PHILADELPHIAFED_STUDENT_DEFAULT_OUTCOMES_2025;OWNER_ASSUMPTION_DISTRESS_V2B,FRB_SCF_2022_PAYMENT_TO_INCOME;FRED_TDSP_Q1_2026;PROJECT_CELL_RULES_PROXY,proxy_calibrated_public_percentiles,"To evaluate a bp shock, engine maps bp shock to shock_delta_metric_ratio by cell/instrument, then interpolates this table or repeats the same formula."
threshold_exceedance_share_from_percentile_distribution,hh_middle_owner_illiquid,hh_middle_owner_illiquid,student_private_variable,P_to_N,performing_to_default_dsr_threshold,0.32,0.36,0.42,household_DSR_total_required_debt_service_to_income,0.01,0.35,0.192308,share_of_cell_or_subcell,piecewise_linear_interpolation_on_p10_p25_p50_p75_p90; tail p90_to_p99 extrapolated; shock implemented as baseline_metric + shock_delta >= threshold,NYFED_HHDC_Q1_2026;FED_SHED_STUDENT_2024;NCUA_PRIVATE_STUDENT_LOANS;PHILADELPHIAFED_STUDENT_DEFAULT_OUTCOMES_2025;OWNER_ASSUMPTION_DISTRESS_V2B,FRB_SCF_2022_PAYMENT_TO_INCOME;FRED_TDSP_Q1_2026;PROJECT_CELL_RULES_PROXY,proxy_calibrated_public_percentiles,"To evaluate a bp shock, engine maps bp shock to shock_delta_metric_ratio by cell/instrument, then interpolates this table or repeats the same formula."
threshold_exceedance_share_from_percentile_distribution,hh_middle_owner_illiquid,hh_middle_owner_illiquid,student_private_variable,P_to_N,performing_to_default_dsr_threshold,0.32,0.36,0.42,household_DSR_total_required_debt_service_to_income,0.02,0.34,0.203846,share_of_cell_or_subcell,piecewise_linear_interpolation_on_p10_p25_p50_p75_p90; tail p90_to_p99 extrapolated; shock implemented as baseline_metric + shock_delta >= threshold,NYFED_HHDC_Q1_2026;FED_SHED_STUDENT_2024;NCUA_PRIVATE_STUDENT_LOANS;PHILADELPHIAFED_STUDENT_DEFAULT_OUTCOMES_2025;OWNER_ASSUMPTION_DISTRESS_V2B,FRB_SCF_2022_PAYMENT_TO_INCOME;FRED_TDSP_Q1_2026;PROJECT_CELL_RULES_PROXY,proxy_calibrated_public_percentiles,"To evaluate a bp shock, engine maps bp shock to shock_delta_metric_ratio by cell/instrument, then interpolates this table or repeats the same formula."
threshold_exceedance_share_from_percentile_distribution,hh_middle_owner_illiquid,hh_middle_owner_illiquid,student_private_variable,P_to_N,performing_to_default_dsr_threshold,0.32,0.36,0.42,household_DSR_total_required_debt_service_to_income,0.05,0.31,0.238462,share_of_cell_or_subcell,piecewise_linear_interpolation_on_p10_p25_p50_p75_p90; tail p90_to_p99 extrapolated; shock implemented as baseline_metric + shock_delta >= threshold,NYFED_HHDC_Q1_2026;FED_SHED_STUDENT_2024;NCUA_PRIVATE_STUDENT_LOANS;PHILADELPHIAFED_STUDENT_DEFAULT_OUTCOMES_2025;OWNER_ASSUMPTION_DISTRESS_V2B,FRB_SCF_2022_PAYMENT_TO_INCOME;FRED_TDSP_Q1_2026;PROJECT_CELL_RULES_PROXY,proxy_calibrated_public_percentiles,"To evaluate a bp shock, engine maps bp shock to shock_delta_metric_ratio by cell/instrument, then interpolates this table or repeats the same formula."
threshold_exceedance_share_from_percentile_distribution,hh_middle_owner_illiquid,hh_middle_owner_illiquid,student_private_variable,P_to_N,performing_to_default_dsr_threshold,0.32,0.36,0.42,household_DSR_total_required_debt_service_to_income,0.1,0.26,0.333333,share_of_cell_or_subcell,piecewise_linear_interpolation_on_p10_p25_p50_p75_p90; tail p90_to_p99 extrapolated; shock implemented as baseline_metric + shock_delta >= threshold,NYFED_HHDC_Q1_2026;FED_SHED_STUDENT_2024;NCUA_PRIVATE_STUDENT_LOANS;PHILADELPHIAFED_STUDENT_DEFAULT_OUTCOMES_2025;OWNER_ASSUMPTION_DISTRESS_V2B,FRB_SCF_2022_PAYMENT_TO_INCOME;FRED_TDSP_Q1_2026;PROJECT_CELL_RULES_PROXY,proxy_calibrated_public_percentiles,"To evaluate a bp shock, engine maps bp shock to shock_delta_metric_ratio by cell/instrument, then interpolates this table or repeats the same formula."
threshold_exceedance_share_from_percentile_distribution,hh_middle_owner_illiquid,hh_middle_owner_illiquid,student_private_variable,P_to_N,performing_to_default_dsr_threshold,0.32,0.36,0.42,household_DSR_total_required_debt_service_to_income,0.15,0.21,0.4375,share_of_cell_or_subcell,piecewise_linear_interpolation_on_p10_p25_p50_p75_p90; tail p90_to_p99 extrapolated; shock implemented as baseline_metric + shock_delta >= threshold,NYFED_HHDC_Q1_2026;FED_SHED_STUDENT_2024;NCUA_PRIVATE_STUDENT_LOANS;PHILADELPHIAFED_STUDENT_DEFAULT_OUTCOMES_2025;OWNER_ASSUMPTION_DISTRESS_V2B,FRB_SCF_2022_PAYMENT_TO_INCOME;FRED_TDSP_Q1_2026;PROJECT_CELL_RULES_PROXY,proxy_calibrated_public_percentiles,"To evaluate a bp shock, engine maps bp shock to shock_delta_metric_ratio by cell/instrument, then interpolates this table or repeats the same formula."
threshold_exceedance_share_from_percentile_distribution,hh_middle_owner_illiquid,hh_middle_owner_illiquid,student_private_variable,P_to_N,performing_to_default_dsr_threshold,0.32,0.36,0.42,household_DSR_total_required_debt_service_to_income,0.25,0.11,0.675,share_of_cell_or_subcell,piecewise_linear_interpolation_on_p10_p25_p50_p75_p90; tail p90_to_p99 extrapolated; shock implemented as baseline_metric + shock_delta >= threshold,NYFED_HHDC_Q1_2026;FED_SHED_STUDENT_2024;NCUA_PRIVATE_STUDENT_LOANS;PHILADELPHIAFED_STUDENT_DEFAULT_OUTCOMES_2025;OWNER_ASSUMPTION_DISTRESS_V2B,FRB_SCF_2022_PAYMENT_TO_INCOME;FRED_TDSP_Q1_2026;PROJECT_CELL_RULES_PROXY,proxy_calibrated_public_percentiles,"To evaluate a bp shock, engine maps bp shock to shock_delta_metric_ratio by cell/instrument, then interpolates this table or repeats the same formula."
threshold_exceedance_share_from_percentile_distribution,hh_middle_owner_illiquid,hh_middle_owner_illiquid,mortgage_arm_heloc,P_to_X,performing_to_distressed_dsr_threshold,0.37,0.4,0.45,household_DSR_total_required_debt_service_to_income,0.0,0.4,0.134615,share_of_cell_or_subcell,piecewise_linear_interpolation_on_p10_p25_p50_p75_p90; tail p90_to_p99 extrapolated; shock implemented as baseline_metric + shock_delta >= threshold,NYFED_HHDC_Q1_2026;FRB_CHARGEOFF_ALL_BANKS_SA_2026Q1;FRB_DELINQUENCY_ALL_BANKS_SA_2026Q1;HUD_FORECLOSURE_DEADWEIGHT_2009;OWNER_ASSUMPTION_DISTRESS_V2B,FRB_SCF_2022_PAYMENT_TO_INCOME;FRED_TDSP_Q1_2026;PROJECT_CELL_RULES_PROXY,proxy_calibrated_public_percentiles,"To evaluate a bp shock, engine maps bp shock to shock_delta_metric_ratio by cell/instrument, then interpolates this table or repeats the same formula."
threshold_exceedance_share_from_percentile_distribution,hh_middle_owner_illiquid,hh_middle_owner_illiquid,mortgage_arm_heloc,P_to_X,performing_to_distressed_dsr_threshold,0.37,0.4,0.45,household_DSR_total_required_debt_service_to_income,0.01,0.39,0.146154,share_of_cell_or_subcell,piecewise_linear_interpolation_on_p10_p25_p50_p75_p90; tail p90_to_p99 extrapolated; shock implemented as baseline_metric + shock_delta >= threshold,NYFED_HHDC_Q1_2026;FRB_CHARGEOFF_ALL_BANKS_SA_2026Q1;FRB_DELINQUENCY_ALL_BANKS_SA_2026Q1;HUD_FORECLOSURE_DEADWEIGHT_2009;OWNER_ASSUMPTION_DISTRESS_V2B,FRB_SCF_2022_PAYMENT_TO_INCOME;FRED_TDSP_Q1_2026;PROJECT_CELL_RULES_PROXY,proxy_calibrated_public_percentiles,"To evaluate a bp shock, engine maps bp shock to shock_delta_metric_ratio by cell/instrument, then interpolates this table or repeats the same formula."
threshold_exceedance_share_from_percentile_distribution,hh_middle_owner_illiquid,hh_middle_owner_illiquid,mortgage_arm_heloc,P_to_X,performing_to_distressed_dsr_threshold,0.37,0.4,0.45,household_DSR_total_required_debt_service_to_income,0.02,0.38,0.157692,share_of_cell_or_subcell,piecewise_linear_interpolation_on_p10_p25_p50_p75_p90; tail p90_to_p99 extrapolated; shock implemented as baseline_metric + shock_delta >= threshold,NYFED_HHDC_Q1_2026;FRB_CHARGEOFF_ALL_BANKS_SA_2026Q1;FRB_DELINQUENCY_ALL_BANKS_SA_2026Q1;HUD_FORECLOSURE_DEADWEIGHT_2009;OWNER_ASSUMPTION_DISTRESS_V2B,FRB_SCF_2022_PAYMENT_TO_INCOME;FRED_TDSP_Q1_2026;PROJECT_CELL_RULES_PROXY,proxy_calibrated_public_percentiles,"To evaluate a bp shock, engine maps bp shock to shock_delta_metric_ratio by cell/instrument, then interpolates this table or repeats the same formula."
threshold_exceedance_share_from_percentile_distribution,hh_middle_owner_illiquid,hh_middle_owner_illiquid,mortgage_arm_heloc,P_to_X,performing_to_distressed_dsr_threshold,0.37,0.4,0.45,household_DSR_total_required_debt_service_to_income,0.05,0.35,0.192308,share_of_cell_or_subcell,piecewise_linear_interpolation_on_p10_p25_p50_p75_p90; tail p90_to_p99 extrapolated; shock implemented as baseline_metric + shock_delta >= threshold,NYFED_HHDC_Q1_2026;FRB_CHARGEOFF_ALL_BANKS_SA_2026Q1;FRB_DELINQUENCY_ALL_BANKS_SA_2026Q1;HUD_FORECLOSURE_DEADWEIGHT_2009;OWNER_ASSUMPTION_DISTRESS_V2B,FRB_SCF_2022_PAYMENT_TO_INCOME;FRED_TDSP_Q1_2026;PROJECT_CELL_RULES_PROXY,proxy_calibrated_public_percentiles,"To evaluate a bp shock, engine maps bp shock to shock_delta_metric_ratio by cell/instrument, then interpolates this table or repeats the same formula."
threshold_exceedance_share_from_percentile_distribution,hh_middle_owner_illiquid,hh_middle_owner_illiquid,mortgage_arm_heloc,P_to_X,performing_to_distressed_dsr_threshold,0.37,0.4,0.45,household_DSR_total_required_debt_service_to_income,0.1,0.3,0.25,share_of_cell_or_subcell,piecewise_linear_interpolation_on_p10_p25_p50_p75_p90; tail p90_to_p99 extrapolated; shock implemented as baseline_metric + shock_delta >= threshold,NYFED_HHDC_Q1_2026;FRB_CHARGEOFF_ALL_BANKS_SA_2026Q1;FRB_DELINQUENCY_ALL_BANKS_SA_2026Q1;HUD_FORECLOSURE_DEADWEIGHT_2009;OWNER_ASSUMPTION_DISTRESS_V2B,FRB_SCF_2022_PAYMENT_TO_INCOME;FRED_TDSP_Q1_2026;PROJECT_CELL_RULES_PROXY,proxy_calibrated_public_percentiles,"To evaluate a bp shock, engine maps bp shock to shock_delta_metric_ratio by cell/instrument, then interpolates this table or repeats the same formula."
threshold_exceedance_share_from_percentile_distribution,hh_middle_owner_illiquid,hh_middle_owner_illiquid,mortgage_arm_heloc,P_to_X,performing_to_distressed_dsr_threshold,0.37,0.4,0.45,household_DSR_total_required_debt_service_to_income,0.15,0.25,0.354167,share_of_cell_or_subcell,piecewise_linear_interpolation_on_p10_p25_p50_p75_p90; tail p90_to_p99 extrapolated; shock implemented as baseline_metric + shock_delta >= threshold,NYFED_HHDC_Q1_2026;FRB_CHARGEOFF_ALL_BANKS_SA_2026Q1;FRB_DELINQUENCY_ALL_BANKS_SA_2026Q1;HUD_FORECLOSURE_DEADWEIGHT_2009;OWNER_ASSUMPTION_DISTRESS_V2B,FRB_SCF_2022_PAYMENT_TO_INCOME;FRED_TDSP_Q1_2026;PROJECT_CELL_RULES_PROXY,proxy_calibrated_public_percentiles,"To evaluate a bp shock, engine maps bp shock to shock_delta_metric_ratio by cell/instrument, then interpolates this table or repeats the same formula."
threshold_exceedance_share_from_percentile_distribution,hh_middle_owner_illiquid,hh_middle_owner_illiquid,mortgage_arm_heloc,P_to_X,performing_to_distressed_dsr_threshold,0.37,0.4,0.45,household_DSR_total_required_debt_service_to_income,0.25,0.15,0.575,share_of_cell_or_subcell,piecewise_linear_interpolation_on_p10_p25_p50_p75_p90; tail p90_to_p99 extrapolated; shock implemented as baseline_metric + shock_delta >= threshold,NYFED_HHDC_Q1_2026;FRB_CHARGEOFF_ALL_BANKS_SA_2026Q1;FRB_DELINQUENCY_ALL_BANKS_SA_2026Q1;HUD_FORECLOSURE_DEADWEIGHT_2009;OWNER_ASSUMPTION_DISTRESS_V2B,FRB_SCF_2022_PAYMENT_TO_INCOME;FRED_TDSP_Q1_2026;PROJECT_CELL_RULES_PROXY,proxy_calibrated_public_percentiles,"To evaluate a bp shock, engine maps bp shock to shock_delta_metric_ratio by cell/instrument, then interpolates this table or repeats the same formula."
threshold_exceedance_share_from_percentile_distribution,hh_constrained_net_borrower,hh_constrained_net_borrower,mortgage_arm_heloc,P_to_X,performing_to_distressed_dsr_threshold,0.37,0.4,0.45,household_DSR_total_required_debt_service_to_income,0.0,0.4,0.240625,share_of_cell_or_subcell,piecewise_linear_interpolation_on_p10_p25_p50_p75_p90; tail p90_to_p99 extrapolated; shock implemented as baseline_metric + shock_delta >= threshold,NYFED_HHDC_Q1_2026;FRB_CHARGEOFF_ALL_BANKS_SA_2026Q1;FRB_DELINQUENCY_ALL_BANKS_SA_2026Q1;HUD_FORECLOSURE_DEADWEIGHT_2009;OWNER_ASSUMPTION_DISTRESS_V2B,FRB_SCF_2022_PAYMENT_TO_INCOME;FRED_TDSP_Q1_2026;PROJECT_CELL_RULES_PROXY,proxy_calibrated_public_percentiles,"To evaluate a bp shock, engine maps bp shock to shock_delta_metric_ratio by cell/instrument, then interpolates this table or repeats the same formula."
threshold_exceedance_share_from_percentile_distribution,hh_constrained_net_borrower,hh_constrained_net_borrower,mortgage_arm_heloc,P_to_X,performing_to_distressed_dsr_threshold,0.37,0.4,0.45,household_DSR_total_required_debt_service_to_income,0.01,0.39,0.25,share_of_cell_or_subcell,piecewise_linear_interpolation_on_p10_p25_p50_p75_p90; tail p90_to_p99 extrapolated; shock implemented as baseline_metric + shock_delta >= threshold,NYFED_HHDC_Q1_2026;FRB_CHARGEOFF_ALL_BANKS_SA_2026Q1;FRB_DELINQUENCY_ALL_BANKS_SA_2026Q1;HUD_FORECLOSURE_DEADWEIGHT_2009;OWNER_ASSUMPTION_DISTRESS_V2B,FRB_SCF_2022_PAYMENT_TO_INCOME;FRED_TDSP_Q1_2026;PROJECT_CELL_RULES_PROXY,proxy_calibrated_public_percentiles,"To evaluate a bp shock, engine maps bp shock to shock_delta_metric_ratio by cell/instrument, then interpolates this table or repeats the same formula."
threshold_exceedance_share_from_percentile_distribution,hh_constrained_net_borrower,hh_constrained_net_borrower,mortgage_arm_heloc,P_to_X,performing_to_distressed_dsr_threshold,0.37,0.4,0.45,household_DSR_total_required_debt_service_to_income,0.02,0.38,0.267857,share_of_cell_or_subcell,piecewise_linear_interpolation_on_p10_p25_p50_p75_p90; tail p90_to_p99 extrapolated; shock implemented as baseline_metric + shock_delta >= threshold,NYFED_HHDC_Q1_2026;FRB_CHARGEOFF_ALL_BANKS_SA_2026Q1;FRB_DELINQUENCY_ALL_BANKS_SA_2026Q1;HUD_FORECLOSURE_DEADWEIGHT_2009;OWNER_ASSUMPTION_DISTRESS_V2B,FRB_SCF_2022_PAYMENT_TO_INCOME;FRED_TDSP_Q1_2026;PROJECT_CELL_RULES_PROXY,proxy_calibrated_public_percentiles,"To evaluate a bp shock, engine maps bp shock to shock_delta_metric_ratio by cell/instrument, then interpolates this table or repeats the same formula."
threshold_exceedance_share_from_percentile_distribution,hh_constrained_net_borrower,hh_constrained_net_borrower,mortgage_arm_heloc,P_to_X,performing_to_distressed_dsr_threshold,0.37,0.4,0.45,household_DSR_total_required_debt_service_to_income,0.05,0.35,0.321429,share_of_cell_or_subcell,piecewise_linear_interpolation_on_p10_p25_p50_p75_p90; tail p90_to_p99 extrapolated; shock implemented as baseline_metric + shock_delta >= threshold,NYFED_HHDC_Q1_2026;FRB_CHARGEOFF_ALL_BANKS_SA_2026Q1;FRB_DELINQUENCY_ALL_BANKS_SA_2026Q1;HUD_FORECLOSURE_DEADWEIGHT_2009;OWNER_ASSUMPTION_DISTRESS_V2B,FRB_SCF_2022_PAYMENT_TO_INCOME;FRED_TDSP_Q1_2026;PROJECT_CELL_RULES_PROXY,proxy_calibrated_public_percentiles,"To evaluate a bp shock, engine maps bp shock to shock_delta_metric_ratio by cell/instrument, then interpolates this table or repeats the same formula."
threshold_exceedance_share_from_percentile_distribution,hh_constrained_net_borrower,hh_constrained_net_borrower,mortgage_arm_heloc,P_to_X,performing_to_distressed_dsr_threshold,0.37,0.4,0.45,household_DSR_total_required_debt_service_to_income,0.1,0.3,0.410714,share_of_cell_or_subcell,piecewise_linear_interpolation_on_p10_p25_p50_p75_p90; tail p90_to_p99 extrapolated; shock implemented as baseline_metric + shock_delta >= threshold,NYFED_HHDC_Q1_2026;FRB_CHARGEOFF_ALL_BANKS_SA_2026Q1;FRB_DELINQUENCY_ALL_BANKS_SA_2026Q1;HUD_FORECLOSURE_DEADWEIGHT_2009;OWNER_ASSUMPTION_DISTRESS_V2B,FRB_SCF_2022_PAYMENT_TO_INCOME;FRED_TDSP_Q1_2026;PROJECT_CELL_RULES_PROXY,proxy_calibrated_public_percentiles,"To evaluate a bp shock, engine maps bp shock to shock_delta_metric_ratio by cell/instrument, then interpolates this table or repeats the same formula."
threshold_exceedance_share_from_percentile_distribution,hh_constrained_net_borrower,hh_constrained_net_borrower,mortgage_arm_heloc,P_to_X,performing_to_distressed_dsr_threshold,0.37,0.4,0.45,household_DSR_total_required_debt_service_to_income,0.15,0.25,0.5,share_of_cell_or_subcell,piecewise_linear_interpolation_on_p10_p25_p50_p75_p90; tail p90_to_p99 extrapolated; shock implemented as baseline_metric + shock_delta >= threshold,NYFED_HHDC_Q1_2026;FRB_CHARGEOFF_ALL_BANKS_SA_2026Q1;FRB_DELINQUENCY_ALL_BANKS_SA_2026Q1;HUD_FORECLOSURE_DEADWEIGHT_2009;OWNER_ASSUMPTION_DISTRESS_V2B,FRB_SCF_2022_PAYMENT_TO_INCOME;FRED_TDSP_Q1_2026;PROJECT_CELL_RULES_PROXY,proxy_calibrated_public_percentiles,"To evaluate a bp shock, engine maps bp shock to shock_delta_metric_ratio by cell/instrument, then interpolates this table or repeats the same formula."
threshold_exceedance_share_from_percentile_distribution,hh_constrained_net_borrower,hh_constrained_net_borrower,mortgage_arm_heloc,P_to_X,performing_to_distressed_dsr_threshold,0.37,0.4,0.45,household_DSR_total_required_debt_service_to_income,0.25,0.15,0.692308,share_of_cell_or_subcell,piecewise_linear_interpolation_on_p10_p25_p50_p75_p90; tail p90_to_p99 extrapolated; shock implemented as baseline_metric + shock_delta >= threshold,NYFED_HHDC_Q1_2026;FRB_CHARGEOFF_ALL_BANKS_SA_2026Q1;FRB_DELINQUENCY_ALL_BANKS_SA_2026Q1;HUD_FORECLOSURE_DEADWEIGHT_2009;OWNER_ASSUMPTION_DISTRESS_V2B,FRB_SCF_2022_PAYMENT_TO_INCOME;FRED_TDSP_Q1_2026;PROJECT_CELL_RULES_PROXY,proxy_calibrated_public_percentiles,"To evaluate a bp shock, engine maps bp shock to shock_delta_metric_ratio by cell/instrument, then interpolates this table or repeats the same formula."
threshold_exceedance_share_from_percentile_distribution,hh_middle_owner_illiquid,hh_middle_owner_illiquid,mortgage_arm_heloc,P_to_N,performing_to_default_dsr_threshold,0.45,0.5,0.58,household_DSR_total_required_debt_service_to_income,0.0,0.5,0.061231,share_of_cell_or_subcell,piecewise_linear_interpolation_on_p10_p25_p50_p75_p90; tail p90_to_p99 extrapolated; shock implemented as baseline_metric + shock_delta >= threshold,NYFED_HHDC_Q1_2026;FRB_CHARGEOFF_ALL_BANKS_SA_2026Q1;FRB_DELINQUENCY_ALL_BANKS_SA_2026Q1;HUD_FORECLOSURE_DEADWEIGHT_2009;OWNER_ASSUMPTION_DISTRESS_V2B,FRB_SCF_2022_PAYMENT_TO_INCOME;FRED_TDSP_Q1_2026;PROJECT_CELL_RULES_PROXY,proxy_calibrated_public_percentiles,"To evaluate a bp shock, engine maps bp shock to shock_delta_metric_ratio by cell/instrument, then interpolates this table or repeats the same formula."
threshold_exceedance_share_from_percentile_distribution,hh_middle_owner_illiquid,hh_middle_owner_illiquid,mortgage_arm_heloc,P_to_N,performing_to_default_dsr_threshold,0.45,0.5,0.58,household_DSR_total_required_debt_service_to_income,0.01,0.49,0.066769,share_of_cell_or_subcell,piecewise_linear_interpolation_on_p10_p25_p50_p75_p90; tail p90_to_p99 extrapolated; shock implemented as baseline_metric + shock_delta >= threshold,NYFED_HHDC_Q1_2026;FRB_CHARGEOFF_ALL_BANKS_SA_2026Q1;FRB_DELINQUENCY_ALL_BANKS_SA_2026Q1;HUD_FORECLOSURE_DEADWEIGHT_2009;OWNER_ASSUMPTION_DISTRESS_V2B,FRB_SCF_2022_PAYMENT_TO_INCOME;FRED_TDSP_Q1_2026;PROJECT_CELL_RULES_PROXY,proxy_calibrated_public_percentiles,"To evaluate a bp shock, engine maps bp shock to shock_delta_metric_ratio by cell/instrument, then interpolates this table or repeats the same formula."
threshold_exceedance_share_from_percentile_distribution,hh_middle_owner_illiquid,hh_middle_owner_illiquid,mortgage_arm_heloc,P_to_N,performing_to_default_dsr_threshold,0.45,0.5,0.58,household_DSR_total_required_debt_service_to_income,0.02,0.48,0.072308,share_of_cell_or_subcell,piecewise_linear_interpolation_on_p10_p25_p50_p75_p90; tail p90_to_p99 extrapolated; shock implemented as baseline_metric + shock_delta >= threshold,NYFED_HHDC_Q1_2026;FRB_CHARGEOFF_ALL_BANKS_SA_2026Q1;FRB_DELINQUENCY_ALL_BANKS_SA_2026Q1;HUD_FORECLOSURE_DEADWEIGHT_2009;OWNER_ASSUMPTION_DISTRESS_V2B,FRB_SCF_2022_PAYMENT_TO_INCOME;FRED_TDSP_Q1_2026;PROJECT_CELL_RULES_PROXY,proxy_calibrated_public_percentiles,"To evaluate a bp shock, engine maps bp shock to shock_delta_metric_ratio by cell/instrument, then interpolates this table or repeats the same formula."
threshold_exceedance_share_from_percentile_distribution,hh_middle_owner_illiquid,hh_middle_owner_illiquid,mortgage_arm_heloc,P_to_N,performing_to_default_dsr_threshold,0.45,0.5,0.58,household_DSR_total_required_debt_service_to_income,0.05,0.45,0.088923,share_of_cell_or_subcell,piecewise_linear_interpolation_on_p10_p25_p50_p75_p90; tail p90_to_p99 extrapolated; shock implemented as baseline_metric + shock_delta >= threshold,NYFED_HHDC_Q1_2026;FRB_CHARGEOFF_ALL_BANKS_SA_2026Q1;FRB_DELINQUENCY_ALL_BANKS_SA_2026Q1;HUD_FORECLOSURE_DEADWEIGHT_2009;OWNER_ASSUMPTION_DISTRESS_V2B,FRB_SCF_2022_PAYMENT_TO_INCOME;FRED_TDSP_Q1_2026;PROJECT_CELL_RULES_PROXY,proxy_calibrated_public_percentiles,"To evaluate a bp shock, engine maps bp shock to shock_delta_metric_ratio by cell/instrument, then interpolates this table or repeats the same formula."
threshold_exceedance_share_from_percentile_distribution,hh_middle_owner_illiquid,hh_middle_owner_illiquid,mortgage_arm_heloc,P_to_N,performing_to_default_dsr_threshold,0.45,0.5,0.58,household_DSR_total_required_debt_service_to_income,0.1,0.4,0.134615,share_of_cell_or_subcell,piecewise_linear_interpolation_on_p10_p25_p50_p75_p90; tail p90_to_p99 extrapolated; shock implemented as baseline_metric + shock_delta >= threshold,NYFED_HHDC_Q1_2026;FRB_CHARGEOFF_ALL_BANKS_SA_2026Q1;FRB_DELINQUENCY_ALL_BANKS_SA_2026Q1;HUD_FORECLOSURE_DEADWEIGHT_2009;OWNER_ASSUMPTION_DISTRESS_V2B,FRB_SCF_2022_PAYMENT_TO_INCOME;FRED_TDSP_Q1_2026;PROJECT_CELL_RULES_PROXY,proxy_calibrated_public_percentiles,"To evaluate a bp shock, engine maps bp shock to shock_delta_metric_ratio by cell/instrument, then interpolates this table or repeats the same formula."
threshold_exceedance_share_from_percentile_distribution,hh_middle_owner_illiquid,hh_middle_owner_illiquid,mortgage_arm_heloc,P_to_N,performing_to_default_dsr_threshold,0.45,0.5,0.58,household_DSR_total_required_debt_service_to_income,0.15,0.35,0.192308,share_of_cell_or_subcell,piecewise_linear_interpolation_on_p10_p25_p50_p75_p90; tail p90_to_p99 extrapolated; shock implemented as baseline_metric + shock_delta >= threshold,NYFED_HHDC_Q1_2026;FRB_CHARGEOFF_ALL_BANKS_SA_2026Q1;FRB_DELINQUENCY_ALL_BANKS_SA_2026Q1;HUD_FORECLOSURE_DEADWEIGHT_2009;OWNER_ASSUMPTION_DISTRESS_V2B,FRB_SCF_2022_PAYMENT_TO_INCOME;FRED_TDSP_Q1_2026;PROJECT_CELL_RULES_PROXY,proxy_calibrated_public_percentiles,"To evaluate a bp shock, engine maps bp shock to shock_delta_metric_ratio by cell/instrument, then interpolates this table or repeats the same formula."
threshold_exceedance_share_from_percentile_distribution,hh_middle_owner_illiquid,hh_middle_owner_illiquid,mortgage_arm_heloc,P_to_N,performing_to_default_dsr_threshold,0.45,0.5,0.58,household_DSR_total_required_debt_service_to_income,0.25,0.25,0.354167,share_of_cell_or_subcell,piecewise_linear_interpolation_on_p10_p25_p50_p75_p90; tail p90_to_p99 extrapolated; shock implemented as baseline_metric + shock_delta >= threshold,NYFED_HHDC_Q1_2026;FRB_CHARGEOFF_ALL_BANKS_SA_2026Q1;FRB_DELINQUENCY_ALL_BANKS_SA_2026Q1;HUD_FORECLOSURE_DEADWEIGHT_2009;OWNER_ASSUMPTION_DISTRESS_V2B,FRB_SCF_2022_PAYMENT_TO_INCOME;FRED_TDSP_Q1_2026;PROJECT_CELL_RULES_PROXY,proxy_calibrated_public_percentiles,"To evaluate a bp shock, engine maps bp shock to shock_delta_metric_ratio by cell/instrument, then interpolates this table or repeats the same formula."
threshold_exceedance_share_from_percentile_distribution,hh_constrained_net_borrower,hh_constrained_net_borrower,mortgage_arm_heloc,P_to_N,performing_to_default_dsr_threshold,0.45,0.5,0.58,household_DSR_total_required_debt_service_to_income,0.0,0.5,0.146875,share_of_cell_or_subcell,piecewise_linear_interpolation_on_p10_p25_p50_p75_p90; tail p90_to_p99 extrapolated; shock implemented as baseline_metric + shock_delta >= threshold,NYFED_HHDC_Q1_2026;FRB_CHARGEOFF_ALL_BANKS_SA_2026Q1;FRB_DELINQUENCY_ALL_BANKS_SA_2026Q1;HUD_FORECLOSURE_DEADWEIGHT_2009;OWNER_ASSUMPTION_DISTRESS_V2B,FRB_SCF_2022_PAYMENT_TO_INCOME;FRED_TDSP_Q1_2026;PROJECT_CELL_RULES_PROXY,proxy_calibrated_public_percentiles,"To evaluate a bp shock, engine maps bp shock to shock_delta_metric_ratio by cell/instrument, then interpolates this table or repeats the same formula."
threshold_exceedance_share_from_percentile_distribution,hh_constrained_net_borrower,hh_constrained_net_borrower,mortgage_arm_heloc,P_to_N,performing_to_default_dsr_threshold,0.45,0.5,0.58,household_DSR_total_required_debt_service_to_income,0.01,0.49,0.15625,share_of_cell_or_subcell,piecewise_linear_interpolation_on_p10_p25_p50_p75_p90; tail p90_to_p99 extrapolated; shock implemented as baseline_metric + shock_delta >= threshold,NYFED_HHDC_Q1_2026;FRB_CHARGEOFF_ALL_BANKS_SA_2026Q1;FRB_DELINQUENCY_ALL_BANKS_SA_2026Q1;HUD_FORECLOSURE_DEADWEIGHT_2009;OWNER_ASSUMPTION_DISTRESS_V2B,FRB_SCF_2022_PAYMENT_TO_INCOME;FRED_TDSP_Q1_2026;PROJECT_CELL_RULES_PROXY,proxy_calibrated_public_percentiles,"To evaluate a bp shock, engine maps bp shock to shock_delta_metric_ratio by cell/instrument, then interpolates this table or repeats the same formula."
threshold_exceedance_share_from_percentile_distribution,hh_constrained_net_borrower,hh_constrained_net_borrower,mortgage_arm_heloc,P_to_N,performing_to_default_dsr_threshold,0.45,0.5,0.58,household_DSR_total_required_debt_service_to_income,0.02,0.48,0.165625,share_of_cell_or_subcell,piecewise_linear_interpolation_on_p10_p25_p50_p75_p90; tail p90_to_p99 extrapolated; shock implemented as baseline_metric + shock_delta >= threshold,NYFED_HHDC_Q1_2026;FRB_CHARGEOFF_ALL_BANKS_SA_2026Q1;FRB_DELINQUENCY_ALL_BANKS_SA_2026Q1;HUD_FORECLOSURE_DEADWEIGHT_2009;OWNER_ASSUMPTION_DISTRESS_V2B,FRB_SCF_2022_PAYMENT_TO_INCOME;FRED_TDSP_Q1_2026;PROJECT_CELL_RULES_PROXY,proxy_calibrated_public_percentiles,"To evaluate a bp shock, engine maps bp shock to shock_delta_metric_ratio by cell/instrument, then interpolates this table or repeats the same formula."
threshold_exceedance_share_from_percentile_distribution,hh_constrained_net_borrower,hh_constrained_net_borrower,mortgage_arm_heloc,P_to_N,performing_to_default_dsr_threshold,0.45,0.5,0.58,household_DSR_total_required_debt_service_to_income,0.05,0.45,0.19375,share_of_cell_or_subcell,piecewise_linear_interpolation_on_p10_p25_p50_p75_p90; tail p90_to_p99 extrapolated; shock implemented as baseline_metric + shock_delta >= threshold,NYFED_HHDC_Q1_2026;FRB_CHARGEOFF_ALL_BANKS_SA_2026Q1;FRB_DELINQUENCY_ALL_BANKS_SA_2026Q1;HUD_FORECLOSURE_DEADWEIGHT_2009;OWNER_ASSUMPTION_DISTRESS_V2B,FRB_SCF_2022_PAYMENT_TO_INCOME;FRED_TDSP_Q1_2026;PROJECT_CELL_RULES_PROXY,proxy_calibrated_public_percentiles,"To evaluate a bp shock, engine maps bp shock to shock_delta_metric_ratio by cell/instrument, then interpolates this table or repeats the same formula."
threshold_exceedance_share_from_percentile_distribution,hh_constrained_net_borrower,hh_constrained_net_borrower,mortgage_arm_heloc,P_to_N,performing_to_default_dsr_threshold,0.45,0.5,0.58,household_DSR_total_required_debt_service_to_income,0.1,0.4,0.240625,share_of_cell_or_subcell,piecewise_linear_interpolation_on_p10_p25_p50_p75_p90; tail p90_to_p99 extrapolated; shock implemented as baseline_metric + shock_delta >= threshold,NYFED_HHDC_Q1_2026;FRB_CHARGEOFF_ALL_BANKS_SA_2026Q1;FRB_DELINQUENCY_ALL_BANKS_SA_2026Q1;HUD_FORECLOSURE_DEADWEIGHT_2009;OWNER_ASSUMPTION_DISTRESS_V2B,FRB_SCF_2022_PAYMENT_TO_INCOME;FRED_TDSP_Q1_2026;PROJECT_CELL_RULES_PROXY,proxy_calibrated_public_percentiles,"To evaluate a bp shock, engine maps bp shock to shock_delta_metric_ratio by cell/instrument, then interpolates this table or repeats the same formula."
threshold_exceedance_share_from_percentile_distribution,hh_constrained_net_borrower,hh_constrained_net_borrower,mortgage_arm_heloc,P_to_N,performing_to_default_dsr_threshold,0.45,0.5,0.58,household_DSR_total_required_debt_service_to_income,0.15,0.35,0.321429,share_of_cell_or_subcell,piecewise_linear_interpolation_on_p10_p25_p50_p75_p90; tail p90_to_p99 extrapolated; shock implemented as baseline_metric + shock_delta >= threshold,NYFED_HHDC_Q1_2026;FRB_CHARGEOFF_ALL_BANKS_SA_2026Q1;FRB_DELINQUENCY_ALL_BANKS_SA_2026Q1;HUD_FORECLOSURE_DEADWEIGHT_2009;OWNER_ASSUMPTION_DISTRESS_V2B,FRB_SCF_2022_PAYMENT_TO_INCOME;FRED_TDSP_Q1_2026;PROJECT_CELL_RULES_PROXY,proxy_calibrated_public_percentiles,"To evaluate a bp shock, engine maps bp shock to shock_delta_metric_ratio by cell/instrument, then interpolates this table or repeats the same formula."
threshold_exceedance_share_from_percentile_distribution,hh_constrained_net_borrower,hh_constrained_net_borrower,mortgage_arm_heloc,P_to_N,performing_to_default_dsr_threshold,0.45,0.5,0.58,household_DSR_total_required_debt_service_to_income,0.25,0.25,0.5,share_of_cell_or_subcell,piecewise_linear_interpolation_on_p10_p25_p50_p75_p90; tail p90_to_p99 extrapolated; shock implemented as baseline_metric + shock_delta >= threshold,NYFED_HHDC_Q1_2026;FRB_CHARGEOFF_ALL_BANKS_SA_2026Q1;FRB_DELINQUENCY_ALL_BANKS_SA_2026Q1;HUD_FORECLOSURE_DEADWEIGHT_2009;OWNER_ASSUMPTION_DISTRESS_V2B,FRB_SCF_2022_PAYMENT_TO_INCOME;FRED_TDSP_Q1_2026;PROJECT_CELL_RULES_PROXY,proxy_calibrated_public_percentiles,"To evaluate a bp shock, engine maps bp shock to shock_delta_metric_ratio by cell/instrument, then interpolates this table or repeats the same formula."
threshold_exceedance_share_from_percentile_distribution,hh_constrained_net_borrower,hh_constrained_net_borrower,mortgage_fixed_reset_refi,P_to_X,performing_to_distressed_dsr_threshold,0.4,0.43,0.5,household_DSR_total_required_debt_service_to_income,0.0,0.43,0.2125,share_of_cell_or_subcell,piecewise_linear_interpolation_on_p10_p25_p50_p75_p90; tail p90_to_p99 extrapolated; shock implemented as baseline_metric + shock_delta >= threshold,NYFED_HHDC_Q1_2026;FRB_CHARGEOFF_ALL_BANKS_SA_2026Q1;FRB_DELINQUENCY_ALL_BANKS_SA_2026Q1;OWNER_ASSUMPTION_DISTRESS_V2B,FRB_SCF_2022_PAYMENT_TO_INCOME;FRED_TDSP_Q1_2026;PROJECT_CELL_RULES_PROXY,proxy_calibrated_public_percentiles,"To evaluate a bp shock, engine maps bp shock to shock_delta_metric_ratio by cell/instrument, then interpolates this table or repeats the same formula."
threshold_exceedance_share_from_percentile_distribution,hh_constrained_net_borrower,hh_constrained_net_borrower,mortgage_fixed_reset_refi,P_to_X,performing_to_distressed_dsr_threshold,0.4,0.43,0.5,household_DSR_total_required_debt_service_to_income,0.01,0.42,0.221875,share_of_cell_or_subcell,piecewise_linear_interpolation_on_p10_p25_p50_p75_p90; tail p90_to_p99 extrapolated; shock implemented as baseline_metric + shock_delta >= threshold,NYFED_HHDC_Q1_2026;FRB_CHARGEOFF_ALL_BANKS_SA_2026Q1;FRB_DELINQUENCY_ALL_BANKS_SA_2026Q1;OWNER_ASSUMPTION_DISTRESS_V2B,FRB_SCF_2022_PAYMENT_TO_INCOME;FRED_TDSP_Q1_2026;PROJECT_CELL_RULES_PROXY,proxy_calibrated_public_percentiles,"To evaluate a bp shock, engine maps bp shock to shock_delta_metric_ratio by cell/instrument, then interpolates this table or repeats the same formula."
threshold_exceedance_share_from_percentile_distribution,hh_constrained_net_borrower,hh_constrained_net_borrower,mortgage_fixed_reset_refi,P_to_X,performing_to_distressed_dsr_threshold,0.4,0.43,0.5,household_DSR_total_required_debt_service_to_income,0.02,0.41,0.23125,share_of_cell_or_subcell,piecewise_linear_interpolation_on_p10_p25_p50_p75_p90; tail p90_to_p99 extrapolated; shock implemented as baseline_metric + shock_delta >= threshold,NYFED_HHDC_Q1_2026;FRB_CHARGEOFF_ALL_BANKS_SA_2026Q1;FRB_DELINQUENCY_ALL_BANKS_SA_2026Q1;OWNER_ASSUMPTION_DISTRESS_V2B,FRB_SCF_2022_PAYMENT_TO_INCOME;FRED_TDSP_Q1_2026;PROJECT_CELL_RULES_PROXY,proxy_calibrated_public_percentiles,"To evaluate a bp shock, engine maps bp shock to shock_delta_metric_ratio by cell/instrument, then interpolates this table or repeats the same formula."
threshold_exceedance_share_from_percentile_distribution,hh_constrained_net_borrower,hh_constrained_net_borrower,mortgage_fixed_reset_refi,P_to_X,performing_to_distressed_dsr_threshold,0.4,0.43,0.5,household_DSR_total_required_debt_service_to_income,0.05,0.38,0.267857,share_of_cell_or_subcell,piecewise_linear_interpolation_on_p10_p25_p50_p75_p90; tail p90_to_p99 extrapolated; shock implemented as baseline_metric + shock_delta >= threshold,NYFED_HHDC_Q1_2026;FRB_CHARGEOFF_ALL_BANKS_SA_2026Q1;FRB_DELINQUENCY_ALL_BANKS_SA_2026Q1;OWNER_ASSUMPTION_DISTRESS_V2B,FRB_SCF_2022_PAYMENT_TO_INCOME;FRED_TDSP_Q1_2026;PROJECT_CELL_RULES_PROXY,proxy_calibrated_public_percentiles,"To evaluate a bp shock, engine maps bp shock to shock_delta_metric_ratio by cell/instrument, then interpolates this table or repeats the same formula."
threshold_exceedance_share_from_percentile_distribution,hh_constrained_net_borrower,hh_constrained_net_borrower,mortgage_fixed_reset_refi,P_to_X,performing_to_distressed_dsr_threshold,0.4,0.43,0.5,household_DSR_total_required_debt_service_to_income,0.1,0.33,0.357143,share_of_cell_or_subcell,piecewise_linear_interpolation_on_p10_p25_p50_p75_p90; tail p90_to_p99 extrapolated; shock implemented as baseline_metric + shock_delta >= threshold,NYFED_HHDC_Q1_2026;FRB_CHARGEOFF_ALL_BANKS_SA_2026Q1;FRB_DELINQUENCY_ALL_BANKS_SA_2026Q1;OWNER_ASSUMPTION_DISTRESS_V2B,FRB_SCF_2022_PAYMENT_TO_INCOME;FRED_TDSP_Q1_2026;PROJECT_CELL_RULES_PROXY,proxy_calibrated_public_percentiles,"To evaluate a bp shock, engine maps bp shock to shock_delta_metric_ratio by cell/instrument, then interpolates this table or repeats the same formula."
threshold_exceedance_share_from_percentile_distribution,hh_constrained_net_borrower,hh_constrained_net_borrower,mortgage_fixed_reset_refi,P_to_X,performing_to_distressed_dsr_threshold,0.4,0.43,0.5,household_DSR_total_required_debt_service_to_income,0.15,0.28,0.446429,share_of_cell_or_subcell,piecewise_linear_interpolation_on_p10_p25_p50_p75_p90; tail p90_to_p99 extrapolated; shock implemented as baseline_metric + shock_delta >= threshold,NYFED_HHDC_Q1_2026;FRB_CHARGEOFF_ALL_BANKS_SA_2026Q1;FRB_DELINQUENCY_ALL_BANKS_SA_2026Q1;OWNER_ASSUMPTION_DISTRESS_V2B,FRB_SCF_2022_PAYMENT_TO_INCOME;FRED_TDSP_Q1_2026;PROJECT_CELL_RULES_PROXY,proxy_calibrated_public_percentiles,"To evaluate a bp shock, engine maps bp shock to shock_delta_metric_ratio by cell/instrument, then interpolates this table or repeats the same formula."
threshold_exceedance_share_from_percentile_distribution,hh_constrained_net_borrower,hh_constrained_net_borrower,mortgage_fixed_reset_refi,P_to_X,performing_to_distressed_dsr_threshold,0.4,0.43,0.5,household_DSR_total_required_debt_service_to_income,0.25,0.18,0.634615,share_of_cell_or_subcell,piecewise_linear_interpolation_on_p10_p25_p50_p75_p90; tail p90_to_p99 extrapolated; shock implemented as baseline_metric + shock_delta >= threshold,NYFED_HHDC_Q1_2026;FRB_CHARGEOFF_ALL_BANKS_SA_2026Q1;FRB_DELINQUENCY_ALL_BANKS_SA_2026Q1;OWNER_ASSUMPTION_DISTRESS_V2B,FRB_SCF_2022_PAYMENT_TO_INCOME;FRED_TDSP_Q1_2026;PROJECT_CELL_RULES_PROXY,proxy_calibrated_public_percentiles,"To evaluate a bp shock, engine maps bp shock to shock_delta_metric_ratio by cell/instrument, then interpolates this table or repeats the same formula."
threshold_exceedance_share_from_percentile_distribution,hh_middle_owner_illiquid,hh_middle_owner_illiquid,mortgage_fixed_reset_refi,P_to_X,performing_to_distressed_dsr_threshold,0.4,0.43,0.5,household_DSR_total_required_debt_service_to_income,0.0,0.43,0.1,share_of_cell_or_subcell,piecewise_linear_interpolation_on_p10_p25_p50_p75_p90; tail p90_to_p99 extrapolated; shock implemented as baseline_metric + shock_delta >= threshold,NYFED_HHDC_Q1_2026;FRB_CHARGEOFF_ALL_BANKS_SA_2026Q1;FRB_DELINQUENCY_ALL_BANKS_SA_2026Q1;OWNER_ASSUMPTION_DISTRESS_V2B,FRB_SCF_2022_PAYMENT_TO_INCOME;FRED_TDSP_Q1_2026;PROJECT_CELL_RULES_PROXY,proxy_calibrated_public_percentiles,"To evaluate a bp shock, engine maps bp shock to shock_delta_metric_ratio by cell/instrument, then interpolates this table or repeats the same formula."
threshold_exceedance_share_from_percentile_distribution,hh_middle_owner_illiquid,hh_middle_owner_illiquid,mortgage_fixed_reset_refi,P_to_X,performing_to_distressed_dsr_threshold,0.4,0.43,0.5,household_DSR_total_required_debt_service_to_income,0.01,0.42,0.111538,share_of_cell_or_subcell,piecewise_linear_interpolation_on_p10_p25_p50_p75_p90; tail p90_to_p99 extrapolated; shock implemented as baseline_metric + shock_delta >= threshold,NYFED_HHDC_Q1_2026;FRB_CHARGEOFF_ALL_BANKS_SA_2026Q1;FRB_DELINQUENCY_ALL_BANKS_SA_2026Q1;OWNER_ASSUMPTION_DISTRESS_V2B,FRB_SCF_2022_PAYMENT_TO_INCOME;FRED_TDSP_Q1_2026;PROJECT_CELL_RULES_PROXY,proxy_calibrated_public_percentiles,"To evaluate a bp shock, engine maps bp shock to shock_delta_metric_ratio by cell/instrument, then interpolates this table or repeats the same formula."
threshold_exceedance_share_from_percentile_distribution,hh_middle_owner_illiquid,hh_middle_owner_illiquid,mortgage_fixed_reset_refi,P_to_X,performing_to_distressed_dsr_threshold,0.4,0.43,0.5,household_DSR_total_required_debt_service_to_income,0.02,0.41,0.123077,share_of_cell_or_subcell,piecewise_linear_interpolation_on_p10_p25_p50_p75_p90; tail p90_to_p99 extrapolated; shock implemented as baseline_metric + shock_delta >= threshold,NYFED_HHDC_Q1_2026;FRB_CHARGEOFF_ALL_BANKS_SA_2026Q1;FRB_DELINQUENCY_ALL_BANKS_SA_2026Q1;OWNER_ASSUMPTION_DISTRESS_V2B,FRB_SCF_2022_PAYMENT_TO_INCOME;FRED_TDSP_Q1_2026;PROJECT_CELL_RULES_PROXY,proxy_calibrated_public_percentiles,"To evaluate a bp shock, engine maps bp shock to shock_delta_metric_ratio by cell/instrument, then interpolates this table or repeats the same formula."
threshold_exceedance_share_from_percentile_distribution,hh_middle_owner_illiquid,hh_middle_owner_illiquid,mortgage_fixed_reset_refi,P_to_X,performing_to_distressed_dsr_threshold,0.4,0.43,0.5,household_DSR_total_required_debt_service_to_income,0.05,0.38,0.157692,share_of_cell_or_subcell,piecewise_linear_interpolation_on_p10_p25_p50_p75_p90; tail p90_to_p99 extrapolated; shock implemented as baseline_metric + shock_delta >= threshold,NYFED_HHDC_Q1_2026;FRB_CHARGEOFF_ALL_BANKS_SA_2026Q1;FRB_DELINQUENCY_ALL_BANKS_SA_2026Q1;OWNER_ASSUMPTION_DISTRESS_V2B,FRB_SCF_2022_PAYMENT_TO_INCOME;FRED_TDSP_Q1_2026;PROJECT_CELL_RULES_PROXY,proxy_calibrated_public_percentiles,"To evaluate a bp shock, engine maps bp shock to shock_delta_metric_ratio by cell/instrument, then interpolates this table or repeats the same formula."
threshold_exceedance_share_from_percentile_distribution,hh_middle_owner_illiquid,hh_middle_owner_illiquid,mortgage_fixed_reset_refi,P_to_X,performing_to_distressed_dsr_threshold,0.4,0.43,0.5,household_DSR_total_required_debt_service_to_income,0.1,0.33,0.215385,share_of_cell_or_subcell,piecewise_linear_interpolation_on_p10_p25_p50_p75_p90; tail p90_to_p99 extrapolated; shock implemented as baseline_metric + shock_delta >= threshold,NYFED_HHDC_Q1_2026;FRB_CHARGEOFF_ALL_BANKS_SA_2026Q1;FRB_DELINQUENCY_ALL_BANKS_SA_2026Q1;OWNER_ASSUMPTION_DISTRESS_V2B,FRB_SCF_2022_PAYMENT_TO_INCOME;FRED_TDSP_Q1_2026;PROJECT_CELL_RULES_PROXY,proxy_calibrated_public_percentiles,"To evaluate a bp shock, engine maps bp shock to shock_delta_metric_ratio by cell/instrument, then interpolates this table or repeats the same formula."
threshold_exceedance_share_from_percentile_distribution,hh_middle_owner_illiquid,hh_middle_owner_illiquid,mortgage_fixed_reset_refi,P_to_X,performing_to_distressed_dsr_threshold,0.4,0.43,0.5,household_DSR_total_required_debt_service_to_income,0.15,0.28,0.291667,share_of_cell_or_subcell,piecewise_linear_interpolation_on_p10_p25_p50_p75_p90; tail p90_to_p99 extrapolated; shock implemented as baseline_metric + shock_delta >= threshold,NYFED_HHDC_Q1_2026;FRB_CHARGEOFF_ALL_BANKS_SA_2026Q1;FRB_DELINQUENCY_ALL_BANKS_SA_2026Q1;OWNER_ASSUMPTION_DISTRESS_V2B,FRB_SCF_2022_PAYMENT_TO_INCOME;FRED_TDSP_Q1_2026;PROJECT_CELL_RULES_PROXY,proxy_calibrated_public_percentiles,"To evaluate a bp shock, engine maps bp shock to shock_delta_metric_ratio by cell/instrument, then interpolates this table or repeats the same formula."
threshold_exceedance_share_from_percentile_distribution,hh_middle_owner_illiquid,hh_middle_owner_illiquid,mortgage_fixed_reset_refi,P_to_X,performing_to_distressed_dsr_threshold,0.4,0.43,0.5,household_DSR_total_required_debt_service_to_income,0.25,0.18,0.5,share_of_cell_or_subcell,piecewise_linear_interpolation_on_p10_p25_p50_p75_p90; tail p90_to_p99 extrapolated; shock implemented as baseline_metric + shock_delta >= threshold,NYFED_HHDC_Q1_2026;FRB_CHARGEOFF_ALL_BANKS_SA_2026Q1;FRB_DELINQUENCY_ALL_BANKS_SA_2026Q1;OWNER_ASSUMPTION_DISTRESS_V2B,FRB_SCF_2022_PAYMENT_TO_INCOME;FRED_TDSP_Q1_2026;PROJECT_CELL_RULES_PROXY,proxy_calibrated_public_percentiles,"To evaluate a bp shock, engine maps bp shock to shock_delta_metric_ratio by cell/instrument, then interpolates this table or repeats the same formula."
threshold_exceedance_share_from_percentile_distribution,hh_retiree_fixed_income_saver,hh_retiree_fixed_income_saver,mortgage_fixed_reset_refi,P_to_X,performing_to_distressed_dsr_threshold,0.4,0.43,0.5,household_DSR_total_required_debt_service_to_income,0.0,0.43,0.033143,share_of_cell_or_subcell,piecewise_linear_interpolation_on_p10_p25_p50_p75_p90; tail p90_to_p99 extrapolated; shock implemented as baseline_metric + shock_delta >= threshold,NYFED_HHDC_Q1_2026;FRB_CHARGEOFF_ALL_BANKS_SA_2026Q1;FRB_DELINQUENCY_ALL_BANKS_SA_2026Q1;OWNER_ASSUMPTION_DISTRESS_V2B,FRB_SCF_2022_PAYMENT_TO_INCOME;FRED_TDSP_Q1_2026;PROJECT_CELL_RULES_PROXY,proxy_calibrated_public_percentiles,"To evaluate a bp shock, engine maps bp shock to shock_delta_metric_ratio by cell/instrument, then interpolates this table or repeats the same formula."
threshold_exceedance_share_from_percentile_distribution,hh_retiree_fixed_income_saver,hh_retiree_fixed_income_saver,mortgage_fixed_reset_refi,P_to_X,performing_to_distressed_dsr_threshold,0.4,0.43,0.5,household_DSR_total_required_debt_service_to_income,0.01,0.42,0.038286,share_of_cell_or_subcell,piecewise_linear_interpolation_on_p10_p25_p50_p75_p90; tail p90_to_p99 extrapolated; shock implemented as baseline_metric + shock_delta >= threshold,NYFED_HHDC_Q1_2026;FRB_CHARGEOFF_ALL_BANKS_SA_2026Q1;FRB_DELINQUENCY_ALL_BANKS_SA_2026Q1;OWNER_ASSUMPTION_DISTRESS_V2B,FRB_SCF_2022_PAYMENT_TO_INCOME;FRED_TDSP_Q1_2026;PROJECT_CELL_RULES_PROXY,proxy_calibrated_public_percentiles,"To evaluate a bp shock, engine maps bp shock to shock_delta_metric_ratio by cell/instrument, then interpolates this table or repeats the same formula."
threshold_exceedance_share_from_percentile_distribution,hh_retiree_fixed_income_saver,hh_retiree_fixed_income_saver,mortgage_fixed_reset_refi,P_to_X,performing_to_distressed_dsr_threshold,0.4,0.43,0.5,household_DSR_total_required_debt_service_to_income,0.02,0.41,0.043429,share_of_cell_or_subcell,piecewise_linear_interpolation_on_p10_p25_p50_p75_p90; tail p90_to_p99 extrapolated; shock implemented as baseline_metric + shock_delta >= threshold,NYFED_HHDC_Q1_2026;FRB_CHARGEOFF_ALL_BANKS_SA_2026Q1;FRB_DELINQUENCY_ALL_BANKS_SA_2026Q1;OWNER_ASSUMPTION_DISTRESS_V2B,FRB_SCF_2022_PAYMENT_TO_INCOME;FRED_TDSP_Q1_2026;PROJECT_CELL_RULES_PROXY,proxy_calibrated_public_percentiles,"To evaluate a bp shock, engine maps bp shock to shock_delta_metric_ratio by cell/instrument, then interpolates this table or repeats the same formula."
threshold_exceedance_share_from_percentile_distribution,hh_retiree_fixed_income_saver,hh_retiree_fixed_income_saver,mortgage_fixed_reset_refi,P_to_X,performing_to_distressed_dsr_threshold,0.4,0.43,0.5,household_DSR_total_required_debt_service_to_income,0.05,0.38,0.058857,share_of_cell_or_subcell,piecewise_linear_interpolation_on_p10_p25_p50_p75_p90; tail p90_to_p99 extrapolated; shock implemented as baseline_metric + shock_delta >= threshold,NYFED_HHDC_Q1_2026;FRB_CHARGEOFF_ALL_BANKS_SA_2026Q1;FRB_DELINQUENCY_ALL_BANKS_SA_2026Q1;OWNER_ASSUMPTION_DISTRESS_V2B,FRB_SCF_2022_PAYMENT_TO_INCOME;FRED_TDSP_Q1_2026;PROJECT_CELL_RULES_PROXY,proxy_calibrated_public_percentiles,"To evaluate a bp shock, engine maps bp shock to shock_delta_metric_ratio by cell/instrument, then interpolates this table or repeats the same formula."
threshold_exceedance_share_from_percentile_distribution,hh_retiree_fixed_income_saver,hh_retiree_fixed_income_saver,mortgage_fixed_reset_refi,P_to_X,performing_to_distressed_dsr_threshold,0.4,0.43,0.5,household_DSR_total_required_debt_service_to_income,0.1,0.33,0.084571,share_of_cell_or_subcell,piecewise_linear_interpolation_on_p10_p25_p50_p75_p90; tail p90_to_p99 extrapolated; shock implemented as baseline_metric + shock_delta >= threshold,NYFED_HHDC_Q1_2026;FRB_CHARGEOFF_ALL_BANKS_SA_2026Q1;FRB_DELINQUENCY_ALL_BANKS_SA_2026Q1;OWNER_ASSUMPTION_DISTRESS_V2B,FRB_SCF_2022_PAYMENT_TO_INCOME;FRED_TDSP_Q1_2026;PROJECT_CELL_RULES_PROXY,proxy_calibrated_public_percentiles,"To evaluate a bp shock, engine maps bp shock to shock_delta_metric_ratio by cell/instrument, then interpolates this table or repeats the same formula."
threshold_exceedance_share_from_percentile_distribution,hh_retiree_fixed_income_saver,hh_retiree_fixed_income_saver,mortgage_fixed_reset_refi,P_to_X,performing_to_distressed_dsr_threshold,0.4,0.43,0.5,household_DSR_total_required_debt_service_to_income,0.15,0.28,0.121429,share_of_cell_or_subcell,piecewise_linear_interpolation_on_p10_p25_p50_p75_p90; tail p90_to_p99 extrapolated; shock implemented as baseline_metric + shock_delta >= threshold,NYFED_HHDC_Q1_2026;FRB_CHARGEOFF_ALL_BANKS_SA_2026Q1;FRB_DELINQUENCY_ALL_BANKS_SA_2026Q1;OWNER_ASSUMPTION_DISTRESS_V2B,FRB_SCF_2022_PAYMENT_TO_INCOME;FRED_TDSP_Q1_2026;PROJECT_CELL_RULES_PROXY,proxy_calibrated_public_percentiles,"To evaluate a bp shock, engine maps bp shock to shock_delta_metric_ratio by cell/instrument, then interpolates this table or repeats the same formula."
threshold_exceedance_share_from_percentile_distribution,hh_retiree_fixed_income_saver,hh_retiree_fixed_income_saver,mortgage_fixed_reset_refi,P_to_X,performing_to_distressed_dsr_threshold,0.4,0.43,0.5,household_DSR_total_required_debt_service_to_income,0.25,0.18,0.228571,share_of_cell_or_subcell,piecewise_linear_interpolation_on_p10_p25_p50_p75_p90; tail p90_to_p99 extrapolated; shock implemented as baseline_metric + shock_delta >= threshold,NYFED_HHDC_Q1_2026;FRB_CHARGEOFF_ALL_BANKS_SA_2026Q1;FRB_DELINQUENCY_ALL_BANKS_SA_2026Q1;OWNER_ASSUMPTION_DISTRESS_V2B,FRB_SCF_2022_PAYMENT_TO_INCOME;FRED_TDSP_Q1_2026;PROJECT_CELL_RULES_PROXY,proxy_calibrated_public_percentiles,"To evaluate a bp shock, engine maps bp shock to shock_delta_metric_ratio by cell/instrument, then interpolates this table or repeats the same formula."
threshold_exceedance_share_from_percentile_distribution,hh_unconstrained_saver,hh_unconstrained_saver,mortgage_fixed_reset_refi,P_to_X,performing_to_distressed_dsr_threshold,0.4,0.43,0.5,household_DSR_total_required_debt_service_to_income,0.0,0.43,0.01,share_of_cell_or_subcell,piecewise_linear_interpolation_on_p10_p25_p50_p75_p90; tail p90_to_p99 extrapolated; shock implemented as baseline_metric + shock_delta >= threshold,NYFED_HHDC_Q1_2026;FRB_CHARGEOFF_ALL_BANKS_SA_2026Q1;FRB_DELINQUENCY_ALL_BANKS_SA_2026Q1;OWNER_ASSUMPTION_DISTRESS_V2B,FRB_SCF_2022_PAYMENT_TO_INCOME;FRED_TDSP_Q1_2026;PROJECT_CELL_RULES_PROXY,proxy_calibrated_public_percentiles,"To evaluate a bp shock, engine maps bp shock to shock_delta_metric_ratio by cell/instrument, then interpolates this table or repeats the same formula."
threshold_exceedance_share_from_percentile_distribution,hh_unconstrained_saver,hh_unconstrained_saver,mortgage_fixed_reset_refi,P_to_X,performing_to_distressed_dsr_threshold,0.4,0.43,0.5,household_DSR_total_required_debt_service_to_income,0.01,0.42,0.01,share_of_cell_or_subcell,piecewise_linear_interpolation_on_p10_p25_p50_p75_p90; tail p90_to_p99 extrapolated; shock implemented as baseline_metric + shock_delta >= threshold,NYFED_HHDC_Q1_2026;FRB_CHARGEOFF_ALL_BANKS_SA_2026Q1;FRB_DELINQUENCY_ALL_BANKS_SA_2026Q1;OWNER_ASSUMPTION_DISTRESS_V2B,FRB_SCF_2022_PAYMENT_TO_INCOME;FRED_TDSP_Q1_2026;PROJECT_CELL_RULES_PROXY,proxy_calibrated_public_percentiles,"To evaluate a bp shock, engine maps bp shock to shock_delta_metric_ratio by cell/instrument, then interpolates this table or repeats the same formula."
threshold_exceedance_share_from_percentile_distribution,hh_unconstrained_saver,hh_unconstrained_saver,mortgage_fixed_reset_refi,P_to_X,performing_to_distressed_dsr_threshold,0.4,0.43,0.5,household_DSR_total_required_debt_service_to_income,0.02,0.41,0.01,share_of_cell_or_subcell,piecewise_linear_interpolation_on_p10_p25_p50_p75_p90; tail p90_to_p99 extrapolated; shock implemented as baseline_metric + shock_delta >= threshold,NYFED_HHDC_Q1_2026;FRB_CHARGEOFF_ALL_BANKS_SA_2026Q1;FRB_DELINQUENCY_ALL_BANKS_SA_2026Q1;OWNER_ASSUMPTION_DISTRESS_V2B,FRB_SCF_2022_PAYMENT_TO_INCOME;FRED_TDSP_Q1_2026;PROJECT_CELL_RULES_PROXY,proxy_calibrated_public_percentiles,"To evaluate a bp shock, engine maps bp shock to shock_delta_metric_ratio by cell/instrument, then interpolates this table or repeats the same formula."
threshold_exceedance_share_from_percentile_distribution,hh_unconstrained_saver,hh_unconstrained_saver,mortgage_fixed_reset_refi,P_to_X,performing_to_distressed_dsr_threshold,0.4,0.43,0.5,household_DSR_total_required_debt_service_to_income,0.05,0.38,0.01,share_of_cell_or_subcell,piecewise_linear_interpolation_on_p10_p25_p50_p75_p90; tail p90_to_p99 extrapolated; shock implemented as baseline_metric + shock_delta >= threshold,NYFED_HHDC_Q1_2026;FRB_CHARGEOFF_ALL_BANKS_SA_2026Q1;FRB_DELINQUENCY_ALL_BANKS_SA_2026Q1;OWNER_ASSUMPTION_DISTRESS_V2B,FRB_SCF_2022_PAYMENT_TO_INCOME;FRED_TDSP_Q1_2026;PROJECT_CELL_RULES_PROXY,proxy_calibrated_public_percentiles,"To evaluate a bp shock, engine maps bp shock to shock_delta_metric_ratio by cell/instrument, then interpolates this table or repeats the same formula."
threshold_exceedance_share_from_percentile_distribution,hh_unconstrained_saver,hh_unconstrained_saver,mortgage_fixed_reset_refi,P_to_X,performing_to_distressed_dsr_threshold,0.4,0.43,0.5,household_DSR_total_required_debt_service_to_income,0.1,0.33,0.01,share_of_cell_or_subcell,piecewise_linear_interpolation_on_p10_p25_p50_p75_p90; tail p90_to_p99 extrapolated; shock implemented as baseline_metric + shock_delta >= threshold,NYFED_HHDC_Q1_2026;FRB_CHARGEOFF_ALL_BANKS_SA_2026Q1;FRB_DELINQUENCY_ALL_BANKS_SA_2026Q1;OWNER_ASSUMPTION_DISTRESS_V2B,FRB_SCF_2022_PAYMENT_TO_INCOME;FRED_TDSP_Q1_2026;PROJECT_CELL_RULES_PROXY,proxy_calibrated_public_percentiles,"To evaluate a bp shock, engine maps bp shock to shock_delta_metric_ratio by cell/instrument, then interpolates this table or repeats the same formula."
threshold_exceedance_share_from_percentile_distribution,hh_unconstrained_saver,hh_unconstrained_saver,mortgage_fixed_reset_refi,P_to_X,performing_to_distressed_dsr_threshold,0.4,0.43,0.5,household_DSR_total_required_debt_service_to_income,0.15,0.28,0.0424,share_of_cell_or_subcell,piecewise_linear_interpolation_on_p10_p25_p50_p75_p90; tail p90_to_p99 extrapolated; shock implemented as baseline_metric + shock_delta >= threshold,NYFED_HHDC_Q1_2026;FRB_CHARGEOFF_ALL_BANKS_SA_2026Q1;FRB_DELINQUENCY_ALL_BANKS_SA_2026Q1;OWNER_ASSUMPTION_DISTRESS_V2B,FRB_SCF_2022_PAYMENT_TO_INCOME;FRED_TDSP_Q1_2026;PROJECT_CELL_RULES_PROXY,proxy_calibrated_public_percentiles,"To evaluate a bp shock, engine maps bp shock to shock_delta_metric_ratio by cell/instrument, then interpolates this table or repeats the same formula."
threshold_exceedance_share_from_percentile_distribution,hh_unconstrained_saver,hh_unconstrained_saver,mortgage_fixed_reset_refi,P_to_X,performing_to_distressed_dsr_threshold,0.4,0.43,0.5,household_DSR_total_required_debt_service_to_income,0.25,0.18,0.13,share_of_cell_or_subcell,piecewise_linear_interpolation_on_p10_p25_p50_p75_p90; tail p90_to_p99 extrapolated; shock implemented as baseline_metric + shock_delta >= threshold,NYFED_HHDC_Q1_2026;FRB_CHARGEOFF_ALL_BANKS_SA_2026Q1;FRB_DELINQUENCY_ALL_BANKS_SA_2026Q1;OWNER_ASSUMPTION_DISTRESS_V2B,FRB_SCF_2022_PAYMENT_TO_INCOME;FRED_TDSP_Q1_2026;PROJECT_CELL_RULES_PROXY,proxy_calibrated_public_percentiles,"To evaluate a bp shock, engine maps bp shock to shock_delta_metric_ratio by cell/instrument, then interpolates this table or repeats the same formula."
threshold_exceedance_share_from_percentile_distribution,hh_constrained_net_borrower,hh_constrained_net_borrower,mortgage_fixed_reset_refi,P_to_N,performing_to_default_dsr_threshold,0.48,0.55,0.65,household_DSR_total_required_debt_service_to_income,0.0,0.55,0.1,share_of_cell_or_subcell,piecewise_linear_interpolation_on_p10_p25_p50_p75_p90; tail p90_to_p99 extrapolated; shock implemented as baseline_metric + shock_delta >= threshold,NYFED_HHDC_Q1_2026;FRB_CHARGEOFF_ALL_BANKS_SA_2026Q1;FRB_DELINQUENCY_ALL_BANKS_SA_2026Q1;OWNER_ASSUMPTION_DISTRESS_V2B,FRB_SCF_2022_PAYMENT_TO_INCOME;FRED_TDSP_Q1_2026;PROJECT_CELL_RULES_PROXY,proxy_calibrated_public_percentiles,"To evaluate a bp shock, engine maps bp shock to shock_delta_metric_ratio by cell/instrument, then interpolates this table or repeats the same formula."
threshold_exceedance_share_from_percentile_distribution,hh_constrained_net_borrower,hh_constrained_net_borrower,mortgage_fixed_reset_refi,P_to_N,performing_to_default_dsr_threshold,0.48,0.55,0.65,household_DSR_total_required_debt_service_to_income,0.01,0.54,0.109375,share_of_cell_or_subcell,piecewise_linear_interpolation_on_p10_p25_p50_p75_p90; tail p90_to_p99 extrapolated; shock implemented as baseline_metric + shock_delta >= threshold,NYFED_HHDC_Q1_2026;FRB_CHARGEOFF_ALL_BANKS_SA_2026Q1;FRB_DELINQUENCY_ALL_BANKS_SA_2026Q1;OWNER_ASSUMPTION_DISTRESS_V2B,FRB_SCF_2022_PAYMENT_TO_INCOME;FRED_TDSP_Q1_2026;PROJECT_CELL_RULES_PROXY,proxy_calibrated_public_percentiles,"To evaluate a bp shock, engine maps bp shock to shock_delta_metric_ratio by cell/instrument, then interpolates this table or repeats the same formula."
threshold_exceedance_share_from_percentile_distribution,hh_constrained_net_borrower,hh_constrained_net_borrower,mortgage_fixed_reset_refi,P_to_N,performing_to_default_dsr_threshold,0.48,0.55,0.65,household_DSR_total_required_debt_service_to_income,0.02,0.53,0.11875,share_of_cell_or_subcell,piecewise_linear_interpolation_on_p10_p25_p50_p75_p90; tail p90_to_p99 extrapolated; shock implemented as baseline_metric + shock_delta >= threshold,NYFED_HHDC_Q1_2026;FRB_CHARGEOFF_ALL_BANKS_SA_2026Q1;FRB_DELINQUENCY_ALL_BANKS_SA_2026Q1;OWNER_ASSUMPTION_DISTRESS_V2B,FRB_SCF_2022_PAYMENT_TO_INCOME;FRED_TDSP_Q1_2026;PROJECT_CELL_RULES_PROXY,proxy_calibrated_public_percentiles,"To evaluate a bp shock, engine maps bp shock to shock_delta_metric_ratio by cell/instrument, then interpolates this table or repeats the same formula."
threshold_exceedance_share_from_percentile_distribution,hh_constrained_net_borrower,hh_constrained_net_borrower,mortgage_fixed_reset_refi,P_to_N,performing_to_default_dsr_threshold,0.48,0.55,0.65,household_DSR_total_required_debt_service_to_income,0.05,0.5,0.146875,share_of_cell_or_subcell,piecewise_linear_interpolation_on_p10_p25_p50_p75_p90; tail p90_to_p99 extrapolated; shock implemented as baseline_metric + shock_delta >= threshold,NYFED_HHDC_Q1_2026;FRB_CHARGEOFF_ALL_BANKS_SA_2026Q1;FRB_DELINQUENCY_ALL_BANKS_SA_2026Q1;OWNER_ASSUMPTION_DISTRESS_V2B,FRB_SCF_2022_PAYMENT_TO_INCOME;FRED_TDSP_Q1_2026;PROJECT_CELL_RULES_PROXY,proxy_calibrated_public_percentiles,"To evaluate a bp shock, engine maps bp shock to shock_delta_metric_ratio by cell/instrument, then interpolates this table or repeats the same formula."
threshold_exceedance_share_from_percentile_distribution,hh_constrained_net_borrower,hh_constrained_net_borrower,mortgage_fixed_reset_refi,P_to_N,performing_to_default_dsr_threshold,0.48,0.55,0.65,household_DSR_total_required_debt_service_to_income,0.1,0.45,0.19375,share_of_cell_or_subcell,piecewise_linear_interpolation_on_p10_p25_p50_p75_p90; tail p90_to_p99 extrapolated; shock implemented as baseline_metric + shock_delta >= threshold,NYFED_HHDC_Q1_2026;FRB_CHARGEOFF_ALL_BANKS_SA_2026Q1;FRB_DELINQUENCY_ALL_BANKS_SA_2026Q1;OWNER_ASSUMPTION_DISTRESS_V2B,FRB_SCF_2022_PAYMENT_TO_INCOME;FRED_TDSP_Q1_2026;PROJECT_CELL_RULES_PROXY,proxy_calibrated_public_percentiles,"To evaluate a bp shock, engine maps bp shock to shock_delta_metric_ratio by cell/instrument, then interpolates this table or repeats the same formula."
threshold_exceedance_share_from_percentile_distribution,hh_constrained_net_borrower,hh_constrained_net_borrower,mortgage_fixed_reset_refi,P_to_N,performing_to_default_dsr_threshold,0.48,0.55,0.65,household_DSR_total_required_debt_service_to_income,0.15,0.4,0.240625,share_of_cell_or_subcell,piecewise_linear_interpolation_on_p10_p25_p50_p75_p90; tail p90_to_p99 extrapolated; shock implemented as baseline_metric + shock_delta >= threshold,NYFED_HHDC_Q1_2026;FRB_CHARGEOFF_ALL_BANKS_SA_2026Q1;FRB_DELINQUENCY_ALL_BANKS_SA_2026Q1;OWNER_ASSUMPTION_DISTRESS_V2B,FRB_SCF_2022_PAYMENT_TO_INCOME;FRED_TDSP_Q1_2026;PROJECT_CELL_RULES_PROXY,proxy_calibrated_public_percentiles,"To evaluate a bp shock, engine maps bp shock to shock_delta_metric_ratio by cell/instrument, then interpolates this table or repeats the same formula."
threshold_exceedance_share_from_percentile_distribution,hh_constrained_net_borrower,hh_constrained_net_borrower,mortgage_fixed_reset_refi,P_to_N,performing_to_default_dsr_threshold,0.48,0.55,0.65,household_DSR_total_required_debt_service_to_income,0.25,0.3,0.410714,share_of_cell_or_subcell,piecewise_linear_interpolation_on_p10_p25_p50_p75_p90; tail p90_to_p99 extrapolated; shock implemented as baseline_metric + shock_delta >= threshold,NYFED_HHDC_Q1_2026;FRB_CHARGEOFF_ALL_BANKS_SA_2026Q1;FRB_DELINQUENCY_ALL_BANKS_SA_2026Q1;OWNER_ASSUMPTION_DISTRESS_V2B,FRB_SCF_2022_PAYMENT_TO_INCOME;FRED_TDSP_Q1_2026;PROJECT_CELL_RULES_PROXY,proxy_calibrated_public_percentiles,"To evaluate a bp shock, engine maps bp shock to shock_delta_metric_ratio by cell/instrument, then interpolates this table or repeats the same formula."
threshold_exceedance_share_from_percentile_distribution,hh_middle_owner_illiquid,hh_middle_owner_illiquid,mortgage_fixed_reset_refi,P_to_N,performing_to_default_dsr_threshold,0.48,0.55,0.65,household_DSR_total_required_debt_service_to_income,0.0,0.55,0.033538,share_of_cell_or_subcell,piecewise_linear_interpolation_on_p10_p25_p50_p75_p90; tail p90_to_p99 extrapolated; shock implemented as baseline_metric + shock_delta >= threshold,NYFED_HHDC_Q1_2026;FRB_CHARGEOFF_ALL_BANKS_SA_2026Q1;FRB_DELINQUENCY_ALL_BANKS_SA_2026Q1;OWNER_ASSUMPTION_DISTRESS_V2B,FRB_SCF_2022_PAYMENT_TO_INCOME;FRED_TDSP_Q1_2026;PROJECT_CELL_RULES_PROXY,proxy_calibrated_public_percentiles,"To evaluate a bp shock, engine maps bp shock to shock_delta_metric_ratio by cell/instrument, then interpolates this table or repeats the same formula."
threshold_exceedance_share_from_percentile_distribution,hh_middle_owner_illiquid,hh_middle_owner_illiquid,mortgage_fixed_reset_refi,P_to_N,performing_to_default_dsr_threshold,0.48,0.55,0.65,household_DSR_total_required_debt_service_to_income,0.01,0.54,0.039077,share_of_cell_or_subcell,piecewise_linear_interpolation_on_p10_p25_p50_p75_p90; tail p90_to_p99 extrapolated; shock implemented as baseline_metric + shock_delta >= threshold,NYFED_HHDC_Q1_2026;FRB_CHARGEOFF_ALL_BANKS_SA_2026Q1;FRB_DELINQUENCY_ALL_BANKS_SA_2026Q1;OWNER_ASSUMPTION_DISTRESS_V2B,FRB_SCF_2022_PAYMENT_TO_INCOME;FRED_TDSP_Q1_2026;PROJECT_CELL_RULES_PROXY,proxy_calibrated_public_percentiles,"To evaluate a bp shock, engine maps bp shock to shock_delta_metric_ratio by cell/instrument, then interpolates this table or repeats the same formula."
threshold_exceedance_share_from_percentile_distribution,hh_middle_owner_illiquid,hh_middle_owner_illiquid,mortgage_fixed_reset_refi,P_to_N,performing_to_default_dsr_threshold,0.48,0.55,0.65,household_DSR_total_required_debt_service_to_income,0.02,0.53,0.044615,share_of_cell_or_subcell,piecewise_linear_interpolation_on_p10_p25_p50_p75_p90; tail p90_to_p99 extrapolated; shock implemented as baseline_metric + shock_delta >= threshold,NYFED_HHDC_Q1_2026;FRB_CHARGEOFF_ALL_BANKS_SA_2026Q1;FRB_DELINQUENCY_ALL_BANKS_SA_2026Q1;OWNER_ASSUMPTION_DISTRESS_V2B,FRB_SCF_2022_PAYMENT_TO_INCOME;FRED_TDSP_Q1_2026;PROJECT_CELL_RULES_PROXY,proxy_calibrated_public_percentiles,"To evaluate a bp shock, engine maps bp shock to shock_delta_metric_ratio by cell/instrument, then interpolates this table or repeats the same formula."
threshold_exceedance_share_from_percentile_distribution,hh_middle_owner_illiquid,hh_middle_owner_illiquid,mortgage_fixed_reset_refi,P_to_N,performing_to_default_dsr_threshold,0.48,0.55,0.65,household_DSR_total_required_debt_service_to_income,0.05,0.5,0.061231,share_of_cell_or_subcell,piecewise_linear_interpolation_on_p10_p25_p50_p75_p90; tail p90_to_p99 extrapolated; shock implemented as baseline_metric + shock_delta >= threshold,NYFED_HHDC_Q1_2026;FRB_CHARGEOFF_ALL_BANKS_SA_2026Q1;FRB_DELINQUENCY_ALL_BANKS_SA_2026Q1;OWNER_ASSUMPTION_DISTRESS_V2B,FRB_SCF_2022_PAYMENT_TO_INCOME;FRED_TDSP_Q1_2026;PROJECT_CELL_RULES_PROXY,proxy_calibrated_public_percentiles,"To evaluate a bp shock, engine maps bp shock to shock_delta_metric_ratio by cell/instrument, then interpolates this table or repeats the same formula."
threshold_exceedance_share_from_percentile_distribution,hh_middle_owner_illiquid,hh_middle_owner_illiquid,mortgage_fixed_reset_refi,P_to_N,performing_to_default_dsr_threshold,0.48,0.55,0.65,household_DSR_total_required_debt_service_to_income,0.1,0.45,0.088923,share_of_cell_or_subcell,piecewise_linear_interpolation_on_p10_p25_p50_p75_p90; tail p90_to_p99 extrapolated; shock implemented as baseline_metric + shock_delta >= threshold,NYFED_HHDC_Q1_2026;FRB_CHARGEOFF_ALL_BANKS_SA_2026Q1;FRB_DELINQUENCY_ALL_BANKS_SA_2026Q1;OWNER_ASSUMPTION_DISTRESS_V2B,FRB_SCF_2022_PAYMENT_TO_INCOME;FRED_TDSP_Q1_2026;PROJECT_CELL_RULES_PROXY,proxy_calibrated_public_percentiles,"To evaluate a bp shock, engine maps bp shock to shock_delta_metric_ratio by cell/instrument, then interpolates this table or repeats the same formula."
threshold_exceedance_share_from_percentile_distribution,hh_middle_owner_illiquid,hh_middle_owner_illiquid,mortgage_fixed_reset_refi,P_to_N,performing_to_default_dsr_threshold,0.48,0.55,0.65,household_DSR_total_required_debt_service_to_income,0.15,0.4,0.134615,share_of_cell_or_subcell,piecewise_linear_interpolation_on_p10_p25_p50_p75_p90; tail p90_to_p99 extrapolated; shock implemented as baseline_metric + shock_delta >= threshold,NYFED_HHDC_Q1_2026;FRB_CHARGEOFF_ALL_BANKS_SA_2026Q1;FRB_DELINQUENCY_ALL_BANKS_SA_2026Q1;OWNER_ASSUMPTION_DISTRESS_V2B,FRB_SCF_2022_PAYMENT_TO_INCOME;FRED_TDSP_Q1_2026;PROJECT_CELL_RULES_PROXY,proxy_calibrated_public_percentiles,"To evaluate a bp shock, engine maps bp shock to shock_delta_metric_ratio by cell/instrument, then interpolates this table or repeats the same formula."
threshold_exceedance_share_from_percentile_distribution,hh_middle_owner_illiquid,hh_middle_owner_illiquid,mortgage_fixed_reset_refi,P_to_N,performing_to_default_dsr_threshold,0.48,0.55,0.65,household_DSR_total_required_debt_service_to_income,0.25,0.3,0.25,share_of_cell_or_subcell,piecewise_linear_interpolation_on_p10_p25_p50_p75_p90; tail p90_to_p99 extrapolated; shock implemented as baseline_metric + shock_delta >= threshold,NYFED_HHDC_Q1_2026;FRB_CHARGEOFF_ALL_BANKS_SA_2026Q1;FRB_DELINQUENCY_ALL_BANKS_SA_2026Q1;OWNER_ASSUMPTION_DISTRESS_V2B,FRB_SCF_2022_PAYMENT_TO_INCOME;FRED_TDSP_Q1_2026;PROJECT_CELL_RULES_PROXY,proxy_calibrated_public_percentiles,"To evaluate a bp shock, engine maps bp shock to shock_delta_metric_ratio by cell/instrument, then interpolates this table or repeats the same formula."
threshold_exceedance_share_from_percentile_distribution,hh_retiree_fixed_income_saver,hh_retiree_fixed_income_saver,mortgage_fixed_reset_refi,P_to_N,performing_to_default_dsr_threshold,0.48,0.55,0.65,household_DSR_total_required_debt_service_to_income,0.0,0.55,0.01,share_of_cell_or_subcell,piecewise_linear_interpolation_on_p10_p25_p50_p75_p90; tail p90_to_p99 extrapolated; shock implemented as baseline_metric + shock_delta >= threshold,NYFED_HHDC_Q1_2026;FRB_CHARGEOFF_ALL_BANKS_SA_2026Q1;FRB_DELINQUENCY_ALL_BANKS_SA_2026Q1;OWNER_ASSUMPTION_DISTRESS_V2B,FRB_SCF_2022_PAYMENT_TO_INCOME;FRED_TDSP_Q1_2026;PROJECT_CELL_RULES_PROXY,proxy_calibrated_public_percentiles,"To evaluate a bp shock, engine maps bp shock to shock_delta_metric_ratio by cell/instrument, then interpolates this table or repeats the same formula."
threshold_exceedance_share_from_percentile_distribution,hh_retiree_fixed_income_saver,hh_retiree_fixed_income_saver,mortgage_fixed_reset_refi,P_to_N,performing_to_default_dsr_threshold,0.48,0.55,0.65,household_DSR_total_required_debt_service_to_income,0.01,0.54,0.01,share_of_cell_or_subcell,piecewise_linear_interpolation_on_p10_p25_p50_p75_p90; tail p90_to_p99 extrapolated; shock implemented as baseline_metric + shock_delta >= threshold,NYFED_HHDC_Q1_2026;FRB_CHARGEOFF_ALL_BANKS_SA_2026Q1;FRB_DELINQUENCY_ALL_BANKS_SA_2026Q1;OWNER_ASSUMPTION_DISTRESS_V2B,FRB_SCF_2022_PAYMENT_TO_INCOME;FRED_TDSP_Q1_2026;PROJECT_CELL_RULES_PROXY,proxy_calibrated_public_percentiles,"To evaluate a bp shock, engine maps bp shock to shock_delta_metric_ratio by cell/instrument, then interpolates this table or repeats the same formula."
threshold_exceedance_share_from_percentile_distribution,hh_retiree_fixed_income_saver,hh_retiree_fixed_income_saver,mortgage_fixed_reset_refi,P_to_N,performing_to_default_dsr_threshold,0.48,0.55,0.65,household_DSR_total_required_debt_service_to_income,0.02,0.53,0.01,share_of_cell_or_subcell,piecewise_linear_interpolation_on_p10_p25_p50_p75_p90; tail p90_to_p99 extrapolated; shock implemented as baseline_metric + shock_delta >= threshold,NYFED_HHDC_Q1_2026;FRB_CHARGEOFF_ALL_BANKS_SA_2026Q1;FRB_DELINQUENCY_ALL_BANKS_SA_2026Q1;OWNER_ASSUMPTION_DISTRESS_V2B,FRB_SCF_2022_PAYMENT_TO_INCOME;FRED_TDSP_Q1_2026;PROJECT_CELL_RULES_PROXY,proxy_calibrated_public_percentiles,"To evaluate a bp shock, engine maps bp shock to shock_delta_metric_ratio by cell/instrument, then interpolates this table or repeats the same formula."
threshold_exceedance_share_from_percentile_distribution,hh_retiree_fixed_income_saver,hh_retiree_fixed_income_saver,mortgage_fixed_reset_refi,P_to_N,performing_to_default_dsr_threshold,0.48,0.55,0.65,household_DSR_total_required_debt_service_to_income,0.05,0.5,0.01,share_of_cell_or_subcell,piecewise_linear_interpolation_on_p10_p25_p50_p75_p90; tail p90_to_p99 extrapolated; shock implemented as baseline_metric + shock_delta >= threshold,NYFED_HHDC_Q1_2026;FRB_CHARGEOFF_ALL_BANKS_SA_2026Q1;FRB_DELINQUENCY_ALL_BANKS_SA_2026Q1;OWNER_ASSUMPTION_DISTRESS_V2B,FRB_SCF_2022_PAYMENT_TO_INCOME;FRED_TDSP_Q1_2026;PROJECT_CELL_RULES_PROXY,proxy_calibrated_public_percentiles,"To evaluate a bp shock, engine maps bp shock to shock_delta_metric_ratio by cell/instrument, then interpolates this table or repeats the same formula."
threshold_exceedance_share_from_percentile_distribution,hh_retiree_fixed_income_saver,hh_retiree_fixed_income_saver,mortgage_fixed_reset_refi,P_to_N,performing_to_default_dsr_threshold,0.48,0.55,0.65,household_DSR_total_required_debt_service_to_income,0.1,0.45,0.022857,share_of_cell_or_subcell,piecewise_linear_interpolation_on_p10_p25_p50_p75_p90; tail p90_to_p99 extrapolated; shock implemented as baseline_metric + shock_delta >= threshold,NYFED_HHDC_Q1_2026;FRB_CHARGEOFF_ALL_BANKS_SA_2026Q1;FRB_DELINQUENCY_ALL_BANKS_SA_2026Q1;OWNER_ASSUMPTION_DISTRESS_V2B,FRB_SCF_2022_PAYMENT_TO_INCOME;FRED_TDSP_Q1_2026;PROJECT_CELL_RULES_PROXY,proxy_calibrated_public_percentiles,"To evaluate a bp shock, engine maps bp shock to shock_delta_metric_ratio by cell/instrument, then interpolates this table or repeats the same formula."
threshold_exceedance_share_from_percentile_distribution,hh_retiree_fixed_income_saver,hh_retiree_fixed_income_saver,mortgage_fixed_reset_refi,P_to_N,performing_to_default_dsr_threshold,0.48,0.55,0.65,household_DSR_total_required_debt_service_to_income,0.15,0.4,0.048571,share_of_cell_or_subcell,piecewise_linear_interpolation_on_p10_p25_p50_p75_p90; tail p90_to_p99 extrapolated; shock implemented as baseline_metric + shock_delta >= threshold,NYFED_HHDC_Q1_2026;FRB_CHARGEOFF_ALL_BANKS_SA_2026Q1;FRB_DELINQUENCY_ALL_BANKS_SA_2026Q1;OWNER_ASSUMPTION_DISTRESS_V2B,FRB_SCF_2022_PAYMENT_TO_INCOME;FRED_TDSP_Q1_2026;PROJECT_CELL_RULES_PROXY,proxy_calibrated_public_percentiles,"To evaluate a bp shock, engine maps bp shock to shock_delta_metric_ratio by cell/instrument, then interpolates this table or repeats the same formula."
threshold_exceedance_share_from_percentile_distribution,hh_retiree_fixed_income_saver,hh_retiree_fixed_income_saver,mortgage_fixed_reset_refi,P_to_N,performing_to_default_dsr_threshold,0.48,0.55,0.65,household_DSR_total_required_debt_service_to_income,0.25,0.3,0.1,share_of_cell_or_subcell,piecewise_linear_interpolation_on_p10_p25_p50_p75_p90; tail p90_to_p99 extrapolated; shock implemented as baseline_metric + shock_delta >= threshold,NYFED_HHDC_Q1_2026;FRB_CHARGEOFF_ALL_BANKS_SA_2026Q1;FRB_DELINQUENCY_ALL_BANKS_SA_2026Q1;OWNER_ASSUMPTION_DISTRESS_V2B,FRB_SCF_2022_PAYMENT_TO_INCOME;FRED_TDSP_Q1_2026;PROJECT_CELL_RULES_PROXY,proxy_calibrated_public_percentiles,"To evaluate a bp shock, engine maps bp shock to shock_delta_metric_ratio by cell/instrument, then interpolates this table or repeats the same formula."
threshold_exceedance_share_from_percentile_distribution,hh_unconstrained_saver,hh_unconstrained_saver,mortgage_fixed_reset_refi,P_to_N,performing_to_default_dsr_threshold,0.48,0.55,0.65,household_DSR_total_required_debt_service_to_income,0.0,0.55,0.01,share_of_cell_or_subcell,piecewise_linear_interpolation_on_p10_p25_p50_p75_p90; tail p90_to_p99 extrapolated; shock implemented as baseline_metric + shock_delta >= threshold,NYFED_HHDC_Q1_2026;FRB_CHARGEOFF_ALL_BANKS_SA_2026Q1;FRB_DELINQUENCY_ALL_BANKS_SA_2026Q1;OWNER_ASSUMPTION_DISTRESS_V2B,FRB_SCF_2022_PAYMENT_TO_INCOME;FRED_TDSP_Q1_2026;PROJECT_CELL_RULES_PROXY,proxy_calibrated_public_percentiles,"To evaluate a bp shock, engine maps bp shock to shock_delta_metric_ratio by cell/instrument, then interpolates this table or repeats the same formula."
threshold_exceedance_share_from_percentile_distribution,hh_unconstrained_saver,hh_unconstrained_saver,mortgage_fixed_reset_refi,P_to_N,performing_to_default_dsr_threshold,0.48,0.55,0.65,household_DSR_total_required_debt_service_to_income,0.01,0.54,0.01,share_of_cell_or_subcell,piecewise_linear_interpolation_on_p10_p25_p50_p75_p90; tail p90_to_p99 extrapolated; shock implemented as baseline_metric + shock_delta >= threshold,NYFED_HHDC_Q1_2026;FRB_CHARGEOFF_ALL_BANKS_SA_2026Q1;FRB_DELINQUENCY_ALL_BANKS_SA_2026Q1;OWNER_ASSUMPTION_DISTRESS_V2B,FRB_SCF_2022_PAYMENT_TO_INCOME;FRED_TDSP_Q1_2026;PROJECT_CELL_RULES_PROXY,proxy_calibrated_public_percentiles,"To evaluate a bp shock, engine maps bp shock to shock_delta_metric_ratio by cell/instrument, then interpolates this table or repeats the same formula."
threshold_exceedance_share_from_percentile_distribution,hh_unconstrained_saver,hh_unconstrained_saver,mortgage_fixed_reset_refi,P_to_N,performing_to_default_dsr_threshold,0.48,0.55,0.65,household_DSR_total_required_debt_service_to_income,0.02,0.53,0.01,share_of_cell_or_subcell,piecewise_linear_interpolation_on_p10_p25_p50_p75_p90; tail p90_to_p99 extrapolated; shock implemented as baseline_metric + shock_delta >= threshold,NYFED_HHDC_Q1_2026;FRB_CHARGEOFF_ALL_BANKS_SA_2026Q1;FRB_DELINQUENCY_ALL_BANKS_SA_2026Q1;OWNER_ASSUMPTION_DISTRESS_V2B,FRB_SCF_2022_PAYMENT_TO_INCOME;FRED_TDSP_Q1_2026;PROJECT_CELL_RULES_PROXY,proxy_calibrated_public_percentiles,"To evaluate a bp shock, engine maps bp shock to shock_delta_metric_ratio by cell/instrument, then interpolates this table or repeats the same formula."
threshold_exceedance_share_from_percentile_distribution,hh_unconstrained_saver,hh_unconstrained_saver,mortgage_fixed_reset_refi,P_to_N,performing_to_default_dsr_threshold,0.48,0.55,0.65,household_DSR_total_required_debt_service_to_income,0.05,0.5,0.01,share_of_cell_or_subcell,piecewise_linear_interpolation_on_p10_p25_p50_p75_p90; tail p90_to_p99 extrapolated; shock implemented as baseline_metric + shock_delta >= threshold,NYFED_HHDC_Q1_2026;FRB_CHARGEOFF_ALL_BANKS_SA_2026Q1;FRB_DELINQUENCY_ALL_BANKS_SA_2026Q1;OWNER_ASSUMPTION_DISTRESS_V2B,FRB_SCF_2022_PAYMENT_TO_INCOME;FRED_TDSP_Q1_2026;PROJECT_CELL_RULES_PROXY,proxy_calibrated_public_percentiles,"To evaluate a bp shock, engine maps bp shock to shock_delta_metric_ratio by cell/instrument, then interpolates this table or repeats the same formula."
threshold_exceedance_share_from_percentile_distribution,hh_unconstrained_saver,hh_unconstrained_saver,mortgage_fixed_reset_refi,P_to_N,performing_to_default_dsr_threshold,0.48,0.55,0.65,household_DSR_total_required_debt_service_to_income,0.1,0.45,0.01,share_of_cell_or_subcell,piecewise_linear_interpolation_on_p10_p25_p50_p75_p90; tail p90_to_p99 extrapolated; shock implemented as baseline_metric + shock_delta >= threshold,NYFED_HHDC_Q1_2026;FRB_CHARGEOFF_ALL_BANKS_SA_2026Q1;FRB_DELINQUENCY_ALL_BANKS_SA_2026Q1;OWNER_ASSUMPTION_DISTRESS_V2B,FRB_SCF_2022_PAYMENT_TO_INCOME;FRED_TDSP_Q1_2026;PROJECT_CELL_RULES_PROXY,proxy_calibrated_public_percentiles,"To evaluate a bp shock, engine maps bp shock to shock_delta_metric_ratio by cell/instrument, then interpolates this table or repeats the same formula."
threshold_exceedance_share_from_percentile_distribution,hh_unconstrained_saver,hh_unconstrained_saver,mortgage_fixed_reset_refi,P_to_N,performing_to_default_dsr_threshold,0.48,0.55,0.65,household_DSR_total_required_debt_service_to_income,0.15,0.4,0.01,share_of_cell_or_subcell,piecewise_linear_interpolation_on_p10_p25_p50_p75_p90; tail p90_to_p99 extrapolated; shock implemented as baseline_metric + shock_delta >= threshold,NYFED_HHDC_Q1_2026;FRB_CHARGEOFF_ALL_BANKS_SA_2026Q1;FRB_DELINQUENCY_ALL_BANKS_SA_2026Q1;OWNER_ASSUMPTION_DISTRESS_V2B,FRB_SCF_2022_PAYMENT_TO_INCOME;FRED_TDSP_Q1_2026;PROJECT_CELL_RULES_PROXY,proxy_calibrated_public_percentiles,"To evaluate a bp shock, engine maps bp shock to shock_delta_metric_ratio by cell/instrument, then interpolates this table or repeats the same formula."
threshold_exceedance_share_from_percentile_distribution,hh_unconstrained_saver,hh_unconstrained_saver,mortgage_fixed_reset_refi,P_to_N,performing_to_default_dsr_threshold,0.48,0.55,0.65,household_DSR_total_required_debt_service_to_income,0.25,0.3,0.028,share_of_cell_or_subcell,piecewise_linear_interpolation_on_p10_p25_p50_p75_p90; tail p90_to_p99 extrapolated; shock implemented as baseline_metric + shock_delta >= threshold,NYFED_HHDC_Q1_2026;FRB_CHARGEOFF_ALL_BANKS_SA_2026Q1;FRB_DELINQUENCY_ALL_BANKS_SA_2026Q1;OWNER_ASSUMPTION_DISTRESS_V2B,FRB_SCF_2022_PAYMENT_TO_INCOME;FRED_TDSP_Q1_2026;PROJECT_CELL_RULES_PROXY,proxy_calibrated_public_percentiles,"To evaluate a bp shock, engine maps bp shock to shock_delta_metric_ratio by cell/instrument, then interpolates this table or repeats the same formula."
threshold_exceedance_share_from_percentile_distribution,firm_bank_dependent_small,firm_bank_dependent_small,business_ci_small,P_to_X,performing_to_distressed_dsr_threshold,0.25,0.3,0.38,firm_debt_service_to_operating_cash_flow,0.0,0.3,0.4375,share_of_cell_or_subcell,piecewise_linear_interpolation_on_p10_p25_p50_p75_p90; tail p90_to_p99 extrapolated; shock implemented as baseline_metric + shock_delta >= threshold,FRB_CHARGEOFF_ALL_BANKS_SA_2026Q1;FRB_DELINQUENCY_ALL_BANKS_SA_2026Q1;REUTERS_PRIVATE_CREDIT_FITCH_2026;OWNER_ASSUMPTION_DISTRESS_V2B,FED_SBCS_2026;FED_FSR_MAY2026;PROJECT_CELL_RULES_PROXY,proxy_calibrated_public_stress_cues,"To evaluate a bp shock, engine maps bp shock to shock_delta_metric_ratio by cell/instrument, then interpolates this table or repeats the same formula."
threshold_exceedance_share_from_percentile_distribution,firm_bank_dependent_small,firm_bank_dependent_small,business_ci_small,P_to_X,performing_to_distressed_dsr_threshold,0.25,0.3,0.38,firm_debt_service_to_operating_cash_flow,0.01,0.29,0.453125,share_of_cell_or_subcell,piecewise_linear_interpolation_on_p10_p25_p50_p75_p90; tail p90_to_p99 extrapolated; shock implemented as baseline_metric + shock_delta >= threshold,FRB_CHARGEOFF_ALL_BANKS_SA_2026Q1;FRB_DELINQUENCY_ALL_BANKS_SA_2026Q1;REUTERS_PRIVATE_CREDIT_FITCH_2026;OWNER_ASSUMPTION_DISTRESS_V2B,FED_SBCS_2026;FED_FSR_MAY2026;PROJECT_CELL_RULES_PROXY,proxy_calibrated_public_stress_cues,"To evaluate a bp shock, engine maps bp shock to shock_delta_metric_ratio by cell/instrument, then interpolates this table or repeats the same formula."
threshold_exceedance_share_from_percentile_distribution,firm_bank_dependent_small,firm_bank_dependent_small,business_ci_small,P_to_X,performing_to_distressed_dsr_threshold,0.25,0.3,0.38,firm_debt_service_to_operating_cash_flow,0.02,0.28,0.46875,share_of_cell_or_subcell,piecewise_linear_interpolation_on_p10_p25_p50_p75_p90; tail p90_to_p99 extrapolated; shock implemented as baseline_metric + shock_delta >= threshold,FRB_CHARGEOFF_ALL_BANKS_SA_2026Q1;FRB_DELINQUENCY_ALL_BANKS_SA_2026Q1;REUTERS_PRIVATE_CREDIT_FITCH_2026;OWNER_ASSUMPTION_DISTRESS_V2B,FED_SBCS_2026;FED_FSR_MAY2026;PROJECT_CELL_RULES_PROXY,proxy_calibrated_public_stress_cues,"To evaluate a bp shock, engine maps bp shock to shock_delta_metric_ratio by cell/instrument, then interpolates this table or repeats the same formula."
threshold_exceedance_share_from_percentile_distribution,firm_bank_dependent_small,firm_bank_dependent_small,business_ci_small,P_to_X,performing_to_distressed_dsr_threshold,0.25,0.3,0.38,firm_debt_service_to_operating_cash_flow,0.05,0.25,0.525,share_of_cell_or_subcell,piecewise_linear_interpolation_on_p10_p25_p50_p75_p90; tail p90_to_p99 extrapolated; shock implemented as baseline_metric + shock_delta >= threshold,FRB_CHARGEOFF_ALL_BANKS_SA_2026Q1;FRB_DELINQUENCY_ALL_BANKS_SA_2026Q1;REUTERS_PRIVATE_CREDIT_FITCH_2026;OWNER_ASSUMPTION_DISTRESS_V2B,FED_SBCS_2026;FED_FSR_MAY2026;PROJECT_CELL_RULES_PROXY,proxy_calibrated_public_stress_cues,"To evaluate a bp shock, engine maps bp shock to shock_delta_metric_ratio by cell/instrument, then interpolates this table or repeats the same formula."
threshold_exceedance_share_from_percentile_distribution,firm_bank_dependent_small,firm_bank_dependent_small,business_ci_small,P_to_X,performing_to_distressed_dsr_threshold,0.25,0.3,0.38,firm_debt_service_to_operating_cash_flow,0.1,0.2,0.65,share_of_cell_or_subcell,piecewise_linear_interpolation_on_p10_p25_p50_p75_p90; tail p90_to_p99 extrapolated; shock implemented as baseline_metric + shock_delta >= threshold,FRB_CHARGEOFF_ALL_BANKS_SA_2026Q1;FRB_DELINQUENCY_ALL_BANKS_SA_2026Q1;REUTERS_PRIVATE_CREDIT_FITCH_2026;OWNER_ASSUMPTION_DISTRESS_V2B,FED_SBCS_2026;FED_FSR_MAY2026;PROJECT_CELL_RULES_PROXY,proxy_calibrated_public_stress_cues,"To evaluate a bp shock, engine maps bp shock to shock_delta_metric_ratio by cell/instrument, then interpolates this table or repeats the same formula."
threshold_exceedance_share_from_percentile_distribution,firm_bank_dependent_small,firm_bank_dependent_small,business_ci_small,P_to_X,performing_to_distressed_dsr_threshold,0.25,0.3,0.38,firm_debt_service_to_operating_cash_flow,0.15,0.15,0.76875,share_of_cell_or_subcell,piecewise_linear_interpolation_on_p10_p25_p50_p75_p90; tail p90_to_p99 extrapolated; shock implemented as baseline_metric + shock_delta >= threshold,FRB_CHARGEOFF_ALL_BANKS_SA_2026Q1;FRB_DELINQUENCY_ALL_BANKS_SA_2026Q1;REUTERS_PRIVATE_CREDIT_FITCH_2026;OWNER_ASSUMPTION_DISTRESS_V2B,FED_SBCS_2026;FED_FSR_MAY2026;PROJECT_CELL_RULES_PROXY,proxy_calibrated_public_stress_cues,"To evaluate a bp shock, engine maps bp shock to shock_delta_metric_ratio by cell/instrument, then interpolates this table or repeats the same formula."
threshold_exceedance_share_from_percentile_distribution,firm_bank_dependent_small,firm_bank_dependent_small,business_ci_small,P_to_X,performing_to_distressed_dsr_threshold,0.25,0.3,0.38,firm_debt_service_to_operating_cash_flow,0.25,0.05,0.9375,share_of_cell_or_subcell,piecewise_linear_interpolation_on_p10_p25_p50_p75_p90; tail p90_to_p99 extrapolated; shock implemented as baseline_metric + shock_delta >= threshold,FRB_CHARGEOFF_ALL_BANKS_SA_2026Q1;FRB_DELINQUENCY_ALL_BANKS_SA_2026Q1;REUTERS_PRIVATE_CREDIT_FITCH_2026;OWNER_ASSUMPTION_DISTRESS_V2B,FED_SBCS_2026;FED_FSR_MAY2026;PROJECT_CELL_RULES_PROXY,proxy_calibrated_public_stress_cues,"To evaluate a bp shock, engine maps bp shock to shock_delta_metric_ratio by cell/instrument, then interpolates this table or repeats the same formula."
threshold_exceedance_share_from_percentile_distribution,firm_bank_dependent_small,firm_bank_dependent_small,business_ci_small,P_to_N,performing_to_default_dsr_threshold,0.36,0.42,0.55,firm_debt_service_to_operating_cash_flow,0.0,0.42,0.25,share_of_cell_or_subcell,piecewise_linear_interpolation_on_p10_p25_p50_p75_p90; tail p90_to_p99 extrapolated; shock implemented as baseline_metric + shock_delta >= threshold,FRB_CHARGEOFF_ALL_BANKS_SA_2026Q1;FRB_DELINQUENCY_ALL_BANKS_SA_2026Q1;REUTERS_PRIVATE_CREDIT_FITCH_2026;OWNER_ASSUMPTION_DISTRESS_V2B,FED_SBCS_2026;FED_FSR_MAY2026;PROJECT_CELL_RULES_PROXY,proxy_calibrated_public_stress_cues,"To evaluate a bp shock, engine maps bp shock to shock_delta_metric_ratio by cell/instrument, then interpolates this table or repeats the same formula."
threshold_exceedance_share_from_percentile_distribution,firm_bank_dependent_small,firm_bank_dependent_small,business_ci_small,P_to_N,performing_to_default_dsr_threshold,0.36,0.42,0.55,firm_debt_service_to_operating_cash_flow,0.01,0.41,0.265625,share_of_cell_or_subcell,piecewise_linear_interpolation_on_p10_p25_p50_p75_p90; tail p90_to_p99 extrapolated; shock implemented as baseline_metric + shock_delta >= threshold,FRB_CHARGEOFF_ALL_BANKS_SA_2026Q1;FRB_DELINQUENCY_ALL_BANKS_SA_2026Q1;REUTERS_PRIVATE_CREDIT_FITCH_2026;OWNER_ASSUMPTION_DISTRESS_V2B,FED_SBCS_2026;FED_FSR_MAY2026;PROJECT_CELL_RULES_PROXY,proxy_calibrated_public_stress_cues,"To evaluate a bp shock, engine maps bp shock to shock_delta_metric_ratio by cell/instrument, then interpolates this table or repeats the same formula."
threshold_exceedance_share_from_percentile_distribution,firm_bank_dependent_small,firm_bank_dependent_small,business_ci_small,P_to_N,performing_to_default_dsr_threshold,0.36,0.42,0.55,firm_debt_service_to_operating_cash_flow,0.02,0.4,0.28125,share_of_cell_or_subcell,piecewise_linear_interpolation_on_p10_p25_p50_p75_p90; tail p90_to_p99 extrapolated; shock implemented as baseline_metric + shock_delta >= threshold,FRB_CHARGEOFF_ALL_BANKS_SA_2026Q1;FRB_DELINQUENCY_ALL_BANKS_SA_2026Q1;REUTERS_PRIVATE_CREDIT_FITCH_2026;OWNER_ASSUMPTION_DISTRESS_V2B,FED_SBCS_2026;FED_FSR_MAY2026;PROJECT_CELL_RULES_PROXY,proxy_calibrated_public_stress_cues,"To evaluate a bp shock, engine maps bp shock to shock_delta_metric_ratio by cell/instrument, then interpolates this table or repeats the same formula."
threshold_exceedance_share_from_percentile_distribution,firm_bank_dependent_small,firm_bank_dependent_small,business_ci_small,P_to_N,performing_to_default_dsr_threshold,0.36,0.42,0.55,firm_debt_service_to_operating_cash_flow,0.05,0.37,0.328125,share_of_cell_or_subcell,piecewise_linear_interpolation_on_p10_p25_p50_p75_p90; tail p90_to_p99 extrapolated; shock implemented as baseline_metric + shock_delta >= threshold,FRB_CHARGEOFF_ALL_BANKS_SA_2026Q1;FRB_DELINQUENCY_ALL_BANKS_SA_2026Q1;REUTERS_PRIVATE_CREDIT_FITCH_2026;OWNER_ASSUMPTION_DISTRESS_V2B,FED_SBCS_2026;FED_FSR_MAY2026;PROJECT_CELL_RULES_PROXY,proxy_calibrated_public_stress_cues,"To evaluate a bp shock, engine maps bp shock to shock_delta_metric_ratio by cell/instrument, then interpolates this table or repeats the same formula."
threshold_exceedance_share_from_percentile_distribution,firm_bank_dependent_small,firm_bank_dependent_small,business_ci_small,P_to_N,performing_to_default_dsr_threshold,0.36,0.42,0.55,firm_debt_service_to_operating_cash_flow,0.1,0.32,0.40625,share_of_cell_or_subcell,piecewise_linear_interpolation_on_p10_p25_p50_p75_p90; tail p90_to_p99 extrapolated; shock implemented as baseline_metric + shock_delta >= threshold,FRB_CHARGEOFF_ALL_BANKS_SA_2026Q1;FRB_DELINQUENCY_ALL_BANKS_SA_2026Q1;REUTERS_PRIVATE_CREDIT_FITCH_2026;OWNER_ASSUMPTION_DISTRESS_V2B,FED_SBCS_2026;FED_FSR_MAY2026;PROJECT_CELL_RULES_PROXY,proxy_calibrated_public_stress_cues,"To evaluate a bp shock, engine maps bp shock to shock_delta_metric_ratio by cell/instrument, then interpolates this table or repeats the same formula."
threshold_exceedance_share_from_percentile_distribution,firm_bank_dependent_small,firm_bank_dependent_small,business_ci_small,P_to_N,performing_to_default_dsr_threshold,0.36,0.42,0.55,firm_debt_service_to_operating_cash_flow,0.15,0.27,0.484375,share_of_cell_or_subcell,piecewise_linear_interpolation_on_p10_p25_p50_p75_p90; tail p90_to_p99 extrapolated; shock implemented as baseline_metric + shock_delta >= threshold,FRB_CHARGEOFF_ALL_BANKS_SA_2026Q1;FRB_DELINQUENCY_ALL_BANKS_SA_2026Q1;REUTERS_PRIVATE_CREDIT_FITCH_2026;OWNER_ASSUMPTION_DISTRESS_V2B,FED_SBCS_2026;FED_FSR_MAY2026;PROJECT_CELL_RULES_PROXY,proxy_calibrated_public_stress_cues,"To evaluate a bp shock, engine maps bp shock to shock_delta_metric_ratio by cell/instrument, then interpolates this table or repeats the same formula."
threshold_exceedance_share_from_percentile_distribution,firm_bank_dependent_small,firm_bank_dependent_small,business_ci_small,P_to_N,performing_to_default_dsr_threshold,0.36,0.42,0.55,firm_debt_service_to_operating_cash_flow,0.25,0.17,0.725,share_of_cell_or_subcell,piecewise_linear_interpolation_on_p10_p25_p50_p75_p90; tail p90_to_p99 extrapolated; shock implemented as baseline_metric + shock_delta >= threshold,FRB_CHARGEOFF_ALL_BANKS_SA_2026Q1;FRB_DELINQUENCY_ALL_BANKS_SA_2026Q1;REUTERS_PRIVATE_CREDIT_FITCH_2026;OWNER_ASSUMPTION_DISTRESS_V2B,FED_SBCS_2026;FED_FSR_MAY2026;PROJECT_CELL_RULES_PROXY,proxy_calibrated_public_stress_cues,"To evaluate a bp shock, engine maps bp shock to shock_delta_metric_ratio by cell/instrument, then interpolates this table or repeats the same formula."
threshold_exceedance_share_from_percentile_distribution,firm_real_estate_cre_floating,firm_real_estate_cre_floating,cre_floating,P_to_X,performing_to_distressed_dsr_threshold,0.8,0.85,0.92,CRE_debt_service_to_NOI_inverse_DSCR,0.0,0.85,0.45,share_of_cell_or_subcell,piecewise_linear_interpolation_on_p10_p25_p50_p75_p90; tail p90_to_p99 extrapolated; shock implemented as baseline_metric + shock_delta >= threshold,FRB_CHARGEOFF_ALL_BANKS_SA_2026Q1;FRB_DELINQUENCY_ALL_BANKS_SA_2026Q1;TREPP_CMBS_DELINQ_2026;STLOUISFED_CRE_MATURITY_WALL_2024;OWNER_ASSUMPTION_DISTRESS_V2B,CREFC_TREPP_MAY2026;TREPP_HARD_MATURITIES_JUN2026;PROJECT_CRE_REFI_WALL_PROXY,proxy_calibrated_public_stress_cues,"To evaluate a bp shock, engine maps bp shock to shock_delta_metric_ratio by cell/instrument, then interpolates this table or repeats the same formula."
threshold_exceedance_share_from_percentile_distribution,firm_real_estate_cre_floating,firm_real_estate_cre_floating,cre_floating,P_to_X,performing_to_distressed_dsr_threshold,0.8,0.85,0.92,CRE_debt_service_to_NOI_inverse_DSCR,0.01,0.84,0.46,share_of_cell_or_subcell,piecewise_linear_interpolation_on_p10_p25_p50_p75_p90; tail p90_to_p99 extrapolated; shock implemented as baseline_metric + shock_delta >= threshold,FRB_CHARGEOFF_ALL_BANKS_SA_2026Q1;FRB_DELINQUENCY_ALL_BANKS_SA_2026Q1;TREPP_CMBS_DELINQ_2026;STLOUISFED_CRE_MATURITY_WALL_2024;OWNER_ASSUMPTION_DISTRESS_V2B,CREFC_TREPP_MAY2026;TREPP_HARD_MATURITIES_JUN2026;PROJECT_CRE_REFI_WALL_PROXY,proxy_calibrated_public_stress_cues,"To evaluate a bp shock, engine maps bp shock to shock_delta_metric_ratio by cell/instrument, then interpolates this table or repeats the same formula."
threshold_exceedance_share_from_percentile_distribution,firm_real_estate_cre_floating,firm_real_estate_cre_floating,cre_floating,P_to_X,performing_to_distressed_dsr_threshold,0.8,0.85,0.92,CRE_debt_service_to_NOI_inverse_DSCR,0.02,0.83,0.47,share_of_cell_or_subcell,piecewise_linear_interpolation_on_p10_p25_p50_p75_p90; tail p90_to_p99 extrapolated; shock implemented as baseline_metric + shock_delta >= threshold,FRB_CHARGEOFF_ALL_BANKS_SA_2026Q1;FRB_DELINQUENCY_ALL_BANKS_SA_2026Q1;TREPP_CMBS_DELINQ_2026;STLOUISFED_CRE_MATURITY_WALL_2024;OWNER_ASSUMPTION_DISTRESS_V2B,CREFC_TREPP_MAY2026;TREPP_HARD_MATURITIES_JUN2026;PROJECT_CRE_REFI_WALL_PROXY,proxy_calibrated_public_stress_cues,"To evaluate a bp shock, engine maps bp shock to shock_delta_metric_ratio by cell/instrument, then interpolates this table or repeats the same formula."
threshold_exceedance_share_from_percentile_distribution,firm_real_estate_cre_floating,firm_real_estate_cre_floating,cre_floating,P_to_X,performing_to_distressed_dsr_threshold,0.8,0.85,0.92,CRE_debt_service_to_NOI_inverse_DSCR,0.05,0.8,0.5,share_of_cell_or_subcell,piecewise_linear_interpolation_on_p10_p25_p50_p75_p90; tail p90_to_p99 extrapolated; shock implemented as baseline_metric + shock_delta >= threshold,FRB_CHARGEOFF_ALL_BANKS_SA_2026Q1;FRB_DELINQUENCY_ALL_BANKS_SA_2026Q1;TREPP_CMBS_DELINQ_2026;STLOUISFED_CRE_MATURITY_WALL_2024;OWNER_ASSUMPTION_DISTRESS_V2B,CREFC_TREPP_MAY2026;TREPP_HARD_MATURITIES_JUN2026;PROJECT_CRE_REFI_WALL_PROXY,proxy_calibrated_public_stress_cues,"To evaluate a bp shock, engine maps bp shock to shock_delta_metric_ratio by cell/instrument, then interpolates this table or repeats the same formula."
threshold_exceedance_share_from_percentile_distribution,firm_real_estate_cre_floating,firm_real_estate_cre_floating,cre_floating,P_to_X,performing_to_distressed_dsr_threshold,0.8,0.85,0.92,CRE_debt_service_to_NOI_inverse_DSCR,0.1,0.75,0.569444,share_of_cell_or_subcell,piecewise_linear_interpolation_on_p10_p25_p50_p75_p90; tail p90_to_p99 extrapolated; shock implemented as baseline_metric + shock_delta >= threshold,FRB_CHARGEOFF_ALL_BANKS_SA_2026Q1;FRB_DELINQUENCY_ALL_BANKS_SA_2026Q1;TREPP_CMBS_DELINQ_2026;STLOUISFED_CRE_MATURITY_WALL_2024;OWNER_ASSUMPTION_DISTRESS_V2B,CREFC_TREPP_MAY2026;TREPP_HARD_MATURITIES_JUN2026;PROJECT_CRE_REFI_WALL_PROXY,proxy_calibrated_public_stress_cues,"To evaluate a bp shock, engine maps bp shock to shock_delta_metric_ratio by cell/instrument, then interpolates this table or repeats the same formula."
threshold_exceedance_share_from_percentile_distribution,firm_real_estate_cre_floating,firm_real_estate_cre_floating,cre_floating,P_to_X,performing_to_distressed_dsr_threshold,0.8,0.85,0.92,CRE_debt_service_to_NOI_inverse_DSCR,0.15,0.7,0.638889,share_of_cell_or_subcell,piecewise_linear_interpolation_on_p10_p25_p50_p75_p90; tail p90_to_p99 extrapolated; shock implemented as baseline_metric + shock_delta >= threshold,FRB_CHARGEOFF_ALL_BANKS_SA_2026Q1;FRB_DELINQUENCY_ALL_BANKS_SA_2026Q1;TREPP_CMBS_DELINQ_2026;STLOUISFED_CRE_MATURITY_WALL_2024;OWNER_ASSUMPTION_DISTRESS_V2B,CREFC_TREPP_MAY2026;TREPP_HARD_MATURITIES_JUN2026;PROJECT_CRE_REFI_WALL_PROXY,proxy_calibrated_public_stress_cues,"To evaluate a bp shock, engine maps bp shock to shock_delta_metric_ratio by cell/instrument, then interpolates this table or repeats the same formula."
threshold_exceedance_share_from_percentile_distribution,firm_real_estate_cre_floating,firm_real_estate_cre_floating,cre_floating,P_to_X,performing_to_distressed_dsr_threshold,0.8,0.85,0.92,CRE_debt_service_to_NOI_inverse_DSCR,0.25,0.6,0.767647,share_of_cell_or_subcell,piecewise_linear_interpolation_on_p10_p25_p50_p75_p90; tail p90_to_p99 extrapolated; shock implemented as baseline_metric + shock_delta >= threshold,FRB_CHARGEOFF_ALL_BANKS_SA_2026Q1;FRB_DELINQUENCY_ALL_BANKS_SA_2026Q1;TREPP_CMBS_DELINQ_2026;STLOUISFED_CRE_MATURITY_WALL_2024;OWNER_ASSUMPTION_DISTRESS_V2B,CREFC_TREPP_MAY2026;TREPP_HARD_MATURITIES_JUN2026;PROJECT_CRE_REFI_WALL_PROXY,proxy_calibrated_public_stress_cues,"To evaluate a bp shock, engine maps bp shock to shock_delta_metric_ratio by cell/instrument, then interpolates this table or repeats the same formula."
threshold_exceedance_share_from_percentile_distribution,firm_real_estate_cre_floating,firm_real_estate_cre_floating,cre_floating,P_to_N,performing_to_default_dsr_threshold,0.92,1.0,1.12,CRE_debt_service_to_NOI_inverse_DSCR,0.0,1.0,0.3,share_of_cell_or_subcell,piecewise_linear_interpolation_on_p10_p25_p50_p75_p90; tail p90_to_p99 extrapolated; shock implemented as baseline_metric + shock_delta >= threshold,FRB_CHARGEOFF_ALL_BANKS_SA_2026Q1;FRB_DELINQUENCY_ALL_BANKS_SA_2026Q1;TREPP_CMBS_DELINQ_2026;STLOUISFED_CRE_MATURITY_WALL_2024;OWNER_ASSUMPTION_DISTRESS_V2B,CREFC_TREPP_MAY2026;TREPP_HARD_MATURITIES_JUN2026;PROJECT_CRE_REFI_WALL_PROXY,proxy_calibrated_public_stress_cues,"To evaluate a bp shock, engine maps bp shock to shock_delta_metric_ratio by cell/instrument, then interpolates this table or repeats the same formula."
threshold_exceedance_share_from_percentile_distribution,firm_real_estate_cre_floating,firm_real_estate_cre_floating,cre_floating,P_to_N,performing_to_default_dsr_threshold,0.92,1.0,1.12,CRE_debt_service_to_NOI_inverse_DSCR,0.01,0.99,0.31,share_of_cell_or_subcell,piecewise_linear_interpolation_on_p10_p25_p50_p75_p90; tail p90_to_p99 extrapolated; shock implemented as baseline_metric + shock_delta >= threshold,FRB_CHARGEOFF_ALL_BANKS_SA_2026Q1;FRB_DELINQUENCY_ALL_BANKS_SA_2026Q1;TREPP_CMBS_DELINQ_2026;STLOUISFED_CRE_MATURITY_WALL_2024;OWNER_ASSUMPTION_DISTRESS_V2B,CREFC_TREPP_MAY2026;TREPP_HARD_MATURITIES_JUN2026;PROJECT_CRE_REFI_WALL_PROXY,proxy_calibrated_public_stress_cues,"To evaluate a bp shock, engine maps bp shock to shock_delta_metric_ratio by cell/instrument, then interpolates this table or repeats the same formula."
threshold_exceedance_share_from_percentile_distribution,firm_real_estate_cre_floating,firm_real_estate_cre_floating,cre_floating,P_to_N,performing_to_default_dsr_threshold,0.92,1.0,1.12,CRE_debt_service_to_NOI_inverse_DSCR,0.02,0.98,0.32,share_of_cell_or_subcell,piecewise_linear_interpolation_on_p10_p25_p50_p75_p90; tail p90_to_p99 extrapolated; shock implemented as baseline_metric + shock_delta >= threshold,FRB_CHARGEOFF_ALL_BANKS_SA_2026Q1;FRB_DELINQUENCY_ALL_BANKS_SA_2026Q1;TREPP_CMBS_DELINQ_2026;STLOUISFED_CRE_MATURITY_WALL_2024;OWNER_ASSUMPTION_DISTRESS_V2B,CREFC_TREPP_MAY2026;TREPP_HARD_MATURITIES_JUN2026;PROJECT_CRE_REFI_WALL_PROXY,proxy_calibrated_public_stress_cues,"To evaluate a bp shock, engine maps bp shock to shock_delta_metric_ratio by cell/instrument, then interpolates this table or repeats the same formula."
threshold_exceedance_share_from_percentile_distribution,firm_real_estate_cre_floating,firm_real_estate_cre_floating,cre_floating,P_to_N,performing_to_default_dsr_threshold,0.92,1.0,1.12,CRE_debt_service_to_NOI_inverse_DSCR,0.05,0.95,0.35,share_of_cell_or_subcell,piecewise_linear_interpolation_on_p10_p25_p50_p75_p90; tail p90_to_p99 extrapolated; shock implemented as baseline_metric + shock_delta >= threshold,FRB_CHARGEOFF_ALL_BANKS_SA_2026Q1;FRB_DELINQUENCY_ALL_BANKS_SA_2026Q1;TREPP_CMBS_DELINQ_2026;STLOUISFED_CRE_MATURITY_WALL_2024;OWNER_ASSUMPTION_DISTRESS_V2B,CREFC_TREPP_MAY2026;TREPP_HARD_MATURITIES_JUN2026;PROJECT_CRE_REFI_WALL_PROXY,proxy_calibrated_public_stress_cues,"To evaluate a bp shock, engine maps bp shock to shock_delta_metric_ratio by cell/instrument, then interpolates this table or repeats the same formula."
threshold_exceedance_share_from_percentile_distribution,firm_real_estate_cre_floating,firm_real_estate_cre_floating,cre_floating,P_to_N,performing_to_default_dsr_threshold,0.92,1.0,1.12,CRE_debt_service_to_NOI_inverse_DSCR,0.1,0.9,0.4,share_of_cell_or_subcell,piecewise_linear_interpolation_on_p10_p25_p50_p75_p90; tail p90_to_p99 extrapolated; shock implemented as baseline_metric + shock_delta >= threshold,FRB_CHARGEOFF_ALL_BANKS_SA_2026Q1;FRB_DELINQUENCY_ALL_BANKS_SA_2026Q1;TREPP_CMBS_DELINQ_2026;STLOUISFED_CRE_MATURITY_WALL_2024;OWNER_ASSUMPTION_DISTRESS_V2B,CREFC_TREPP_MAY2026;TREPP_HARD_MATURITIES_JUN2026;PROJECT_CRE_REFI_WALL_PROXY,proxy_calibrated_public_stress_cues,"To evaluate a bp shock, engine maps bp shock to shock_delta_metric_ratio by cell/instrument, then interpolates this table or repeats the same formula."
threshold_exceedance_share_from_percentile_distribution,firm_real_estate_cre_floating,firm_real_estate_cre_floating,cre_floating,P_to_N,performing_to_default_dsr_threshold,0.92,1.0,1.12,CRE_debt_service_to_NOI_inverse_DSCR,0.15,0.85,0.45,share_of_cell_or_subcell,piecewise_linear_interpolation_on_p10_p25_p50_p75_p90; tail p90_to_p99 extrapolated; shock implemented as baseline_metric + shock_delta >= threshold,FRB_CHARGEOFF_ALL_BANKS_SA_2026Q1;FRB_DELINQUENCY_ALL_BANKS_SA_2026Q1;TREPP_CMBS_DELINQ_2026;STLOUISFED_CRE_MATURITY_WALL_2024;OWNER_ASSUMPTION_DISTRESS_V2B,CREFC_TREPP_MAY2026;TREPP_HARD_MATURITIES_JUN2026;PROJECT_CRE_REFI_WALL_PROXY,proxy_calibrated_public_stress_cues,"To evaluate a bp shock, engine maps bp shock to shock_delta_metric_ratio by cell/instrument, then interpolates this table or repeats the same formula."
threshold_exceedance_share_from_percentile_distribution,firm_real_estate_cre_floating,firm_real_estate_cre_floating,cre_floating,P_to_N,performing_to_default_dsr_threshold,0.92,1.0,1.12,CRE_debt_service_to_NOI_inverse_DSCR,0.25,0.75,0.569444,share_of_cell_or_subcell,piecewise_linear_interpolation_on_p10_p25_p50_p75_p90; tail p90_to_p99 extrapolated; shock implemented as baseline_metric + shock_delta >= threshold,FRB_CHARGEOFF_ALL_BANKS_SA_2026Q1;FRB_DELINQUENCY_ALL_BANKS_SA_2026Q1;TREPP_CMBS_DELINQ_2026;STLOUISFED_CRE_MATURITY_WALL_2024;OWNER_ASSUMPTION_DISTRESS_V2B,CREFC_TREPP_MAY2026;TREPP_HARD_MATURITIES_JUN2026;PROJECT_CRE_REFI_WALL_PROXY,proxy_calibrated_public_stress_cues,"To evaluate a bp shock, engine maps bp shock to shock_delta_metric_ratio by cell/instrument, then interpolates this table or repeats the same formula."
threshold_exceedance_share_from_percentile_distribution,firm_real_estate_cre_maturity_wall,firm_real_estate_cre_maturity_wall,cre_refi_wall,P_to_X,performing_to_distressed_dsr_threshold,0.82,0.9,1.0,CRE_debt_service_to_NOI_inverse_DSCR,0.0,0.9,0.5625,share_of_cell_or_subcell,piecewise_linear_interpolation_on_p10_p25_p50_p75_p90; tail p90_to_p99 extrapolated; shock implemented as baseline_metric + shock_delta >= threshold,TREPP_CMBS_DELINQ_2026;STLOUISFED_CRE_MATURITY_WALL_2024;MBA_CRE_MATURITIES_2026;FRB_DELINQUENCY_ALL_BANKS_SA_2026Q1;OWNER_ASSUMPTION_DISTRESS_V2B,CREFC_TREPP_MAY2026;TREPP_HARD_MATURITIES_JUN2026;PROJECT_CRE_REFI_WALL_PROXY,proxy_calibrated_public_stress_cues,"To evaluate a bp shock, engine maps bp shock to shock_delta_metric_ratio by cell/instrument, then interpolates this table or repeats the same formula."
threshold_exceedance_share_from_percentile_distribution,firm_real_estate_cre_maturity_wall,firm_real_estate_cre_maturity_wall,cre_refi_wall,P_to_X,performing_to_distressed_dsr_threshold,0.82,0.9,1.0,CRE_debt_service_to_NOI_inverse_DSCR,0.01,0.89,0.575,share_of_cell_or_subcell,piecewise_linear_interpolation_on_p10_p25_p50_p75_p90; tail p90_to_p99 extrapolated; shock implemented as baseline_metric + shock_delta >= threshold,TREPP_CMBS_DELINQ_2026;STLOUISFED_CRE_MATURITY_WALL_2024;MBA_CRE_MATURITIES_2026;FRB_DELINQUENCY_ALL_BANKS_SA_2026Q1;OWNER_ASSUMPTION_DISTRESS_V2B,CREFC_TREPP_MAY2026;TREPP_HARD_MATURITIES_JUN2026;PROJECT_CRE_REFI_WALL_PROXY,proxy_calibrated_public_stress_cues,"To evaluate a bp shock, engine maps bp shock to shock_delta_metric_ratio by cell/instrument, then interpolates this table or repeats the same formula."
threshold_exceedance_share_from_percentile_distribution,firm_real_estate_cre_maturity_wall,firm_real_estate_cre_maturity_wall,cre_refi_wall,P_to_X,performing_to_distressed_dsr_threshold,0.82,0.9,1.0,CRE_debt_service_to_NOI_inverse_DSCR,0.02,0.88,0.5875,share_of_cell_or_subcell,piecewise_linear_interpolation_on_p10_p25_p50_p75_p90; tail p90_to_p99 extrapolated; shock implemented as baseline_metric + shock_delta >= threshold,TREPP_CMBS_DELINQ_2026;STLOUISFED_CRE_MATURITY_WALL_2024;MBA_CRE_MATURITIES_2026;FRB_DELINQUENCY_ALL_BANKS_SA_2026Q1;OWNER_ASSUMPTION_DISTRESS_V2B,CREFC_TREPP_MAY2026;TREPP_HARD_MATURITIES_JUN2026;PROJECT_CRE_REFI_WALL_PROXY,proxy_calibrated_public_stress_cues,"To evaluate a bp shock, engine maps bp shock to shock_delta_metric_ratio by cell/instrument, then interpolates this table or repeats the same formula."
threshold_exceedance_share_from_percentile_distribution,firm_real_estate_cre_maturity_wall,firm_real_estate_cre_maturity_wall,cre_refi_wall,P_to_X,performing_to_distressed_dsr_threshold,0.82,0.9,1.0,CRE_debt_service_to_NOI_inverse_DSCR,0.05,0.85,0.625,share_of_cell_or_subcell,piecewise_linear_interpolation_on_p10_p25_p50_p75_p90; tail p90_to_p99 extrapolated; shock implemented as baseline_metric + shock_delta >= threshold,TREPP_CMBS_DELINQ_2026;STLOUISFED_CRE_MATURITY_WALL_2024;MBA_CRE_MATURITIES_2026;FRB_DELINQUENCY_ALL_BANKS_SA_2026Q1;OWNER_ASSUMPTION_DISTRESS_V2B,CREFC_TREPP_MAY2026;TREPP_HARD_MATURITIES_JUN2026;PROJECT_CRE_REFI_WALL_PROXY,proxy_calibrated_public_stress_cues,"To evaluate a bp shock, engine maps bp shock to shock_delta_metric_ratio by cell/instrument, then interpolates this table or repeats the same formula."
threshold_exceedance_share_from_percentile_distribution,firm_real_estate_cre_maturity_wall,firm_real_estate_cre_maturity_wall,cre_refi_wall,P_to_X,performing_to_distressed_dsr_threshold,0.82,0.9,1.0,CRE_debt_service_to_NOI_inverse_DSCR,0.1,0.8,0.6875,share_of_cell_or_subcell,piecewise_linear_interpolation_on_p10_p25_p50_p75_p90; tail p90_to_p99 extrapolated; shock implemented as baseline_metric + shock_delta >= threshold,TREPP_CMBS_DELINQ_2026;STLOUISFED_CRE_MATURITY_WALL_2024;MBA_CRE_MATURITIES_2026;FRB_DELINQUENCY_ALL_BANKS_SA_2026Q1;OWNER_ASSUMPTION_DISTRESS_V2B,CREFC_TREPP_MAY2026;TREPP_HARD_MATURITIES_JUN2026;PROJECT_CRE_REFI_WALL_PROXY,proxy_calibrated_public_stress_cues,"To evaluate a bp shock, engine maps bp shock to shock_delta_metric_ratio by cell/instrument, then interpolates this table or repeats the same formula."
threshold_exceedance_share_from_percentile_distribution,firm_real_estate_cre_maturity_wall,firm_real_estate_cre_maturity_wall,cre_refi_wall,P_to_X,performing_to_distressed_dsr_threshold,0.82,0.9,1.0,CRE_debt_service_to_NOI_inverse_DSCR,0.15,0.75,0.75,share_of_cell_or_subcell,piecewise_linear_interpolation_on_p10_p25_p50_p75_p90; tail p90_to_p99 extrapolated; shock implemented as baseline_metric + shock_delta >= threshold,TREPP_CMBS_DELINQ_2026;STLOUISFED_CRE_MATURITY_WALL_2024;MBA_CRE_MATURITIES_2026;FRB_DELINQUENCY_ALL_BANKS_SA_2026Q1;OWNER_ASSUMPTION_DISTRESS_V2B,CREFC_TREPP_MAY2026;TREPP_HARD_MATURITIES_JUN2026;PROJECT_CRE_REFI_WALL_PROXY,proxy_calibrated_public_stress_cues,"To evaluate a bp shock, engine maps bp shock to shock_delta_metric_ratio by cell/instrument, then interpolates this table or repeats the same formula."
threshold_exceedance_share_from_percentile_distribution,firm_real_estate_cre_maturity_wall,firm_real_estate_cre_maturity_wall,cre_refi_wall,P_to_X,performing_to_distressed_dsr_threshold,0.82,0.9,1.0,CRE_debt_service_to_NOI_inverse_DSCR,0.25,0.65,0.825,share_of_cell_or_subcell,piecewise_linear_interpolation_on_p10_p25_p50_p75_p90; tail p90_to_p99 extrapolated; shock implemented as baseline_metric + shock_delta >= threshold,TREPP_CMBS_DELINQ_2026;STLOUISFED_CRE_MATURITY_WALL_2024;MBA_CRE_MATURITIES_2026;FRB_DELINQUENCY_ALL_BANKS_SA_2026Q1;OWNER_ASSUMPTION_DISTRESS_V2B,CREFC_TREPP_MAY2026;TREPP_HARD_MATURITIES_JUN2026;PROJECT_CRE_REFI_WALL_PROXY,proxy_calibrated_public_stress_cues,"To evaluate a bp shock, engine maps bp shock to shock_delta_metric_ratio by cell/instrument, then interpolates this table or repeats the same formula."
threshold_exceedance_share_from_percentile_distribution,firm_real_estate_cre_maturity_wall,firm_real_estate_cre_maturity_wall,cre_refi_wall,P_to_N,performing_to_default_dsr_threshold,0.95,1.05,1.2,CRE_debt_service_to_NOI_inverse_DSCR,0.0,1.05,0.416667,share_of_cell_or_subcell,piecewise_linear_interpolation_on_p10_p25_p50_p75_p90; tail p90_to_p99 extrapolated; shock implemented as baseline_metric + shock_delta >= threshold,TREPP_CMBS_DELINQ_2026;STLOUISFED_CRE_MATURITY_WALL_2024;MBA_CRE_MATURITIES_2026;FRB_DELINQUENCY_ALL_BANKS_SA_2026Q1;OWNER_ASSUMPTION_DISTRESS_V2B,CREFC_TREPP_MAY2026;TREPP_HARD_MATURITIES_JUN2026;PROJECT_CRE_REFI_WALL_PROXY,proxy_calibrated_public_stress_cues,"To evaluate a bp shock, engine maps bp shock to shock_delta_metric_ratio by cell/instrument, then interpolates this table or repeats the same formula."
threshold_exceedance_share_from_percentile_distribution,firm_real_estate_cre_maturity_wall,firm_real_estate_cre_maturity_wall,cre_refi_wall,P_to_N,performing_to_default_dsr_threshold,0.95,1.05,1.2,CRE_debt_service_to_NOI_inverse_DSCR,0.01,1.04,0.425,share_of_cell_or_subcell,piecewise_linear_interpolation_on_p10_p25_p50_p75_p90; tail p90_to_p99 extrapolated; shock implemented as baseline_metric + shock_delta >= threshold,TREPP_CMBS_DELINQ_2026;STLOUISFED_CRE_MATURITY_WALL_2024;MBA_CRE_MATURITIES_2026;FRB_DELINQUENCY_ALL_BANKS_SA_2026Q1;OWNER_ASSUMPTION_DISTRESS_V2B,CREFC_TREPP_MAY2026;TREPP_HARD_MATURITIES_JUN2026;PROJECT_CRE_REFI_WALL_PROXY,proxy_calibrated_public_stress_cues,"To evaluate a bp shock, engine maps bp shock to shock_delta_metric_ratio by cell/instrument, then interpolates this table or repeats the same formula."
threshold_exceedance_share_from_percentile_distribution,firm_real_estate_cre_maturity_wall,firm_real_estate_cre_maturity_wall,cre_refi_wall,P_to_N,performing_to_default_dsr_threshold,0.95,1.05,1.2,CRE_debt_service_to_NOI_inverse_DSCR,0.02,1.03,0.433333,share_of_cell_or_subcell,piecewise_linear_interpolation_on_p10_p25_p50_p75_p90; tail p90_to_p99 extrapolated; shock implemented as baseline_metric + shock_delta >= threshold,TREPP_CMBS_DELINQ_2026;STLOUISFED_CRE_MATURITY_WALL_2024;MBA_CRE_MATURITIES_2026;FRB_DELINQUENCY_ALL_BANKS_SA_2026Q1;OWNER_ASSUMPTION_DISTRESS_V2B,CREFC_TREPP_MAY2026;TREPP_HARD_MATURITIES_JUN2026;PROJECT_CRE_REFI_WALL_PROXY,proxy_calibrated_public_stress_cues,"To evaluate a bp shock, engine maps bp shock to shock_delta_metric_ratio by cell/instrument, then interpolates this table or repeats the same formula."
threshold_exceedance_share_from_percentile_distribution,firm_real_estate_cre_maturity_wall,firm_real_estate_cre_maturity_wall,cre_refi_wall,P_to_N,performing_to_default_dsr_threshold,0.95,1.05,1.2,CRE_debt_service_to_NOI_inverse_DSCR,0.05,1.0,0.458333,share_of_cell_or_subcell,piecewise_linear_interpolation_on_p10_p25_p50_p75_p90; tail p90_to_p99 extrapolated; shock implemented as baseline_metric + shock_delta >= threshold,TREPP_CMBS_DELINQ_2026;STLOUISFED_CRE_MATURITY_WALL_2024;MBA_CRE_MATURITIES_2026;FRB_DELINQUENCY_ALL_BANKS_SA_2026Q1;OWNER_ASSUMPTION_DISTRESS_V2B,CREFC_TREPP_MAY2026;TREPP_HARD_MATURITIES_JUN2026;PROJECT_CRE_REFI_WALL_PROXY,proxy_calibrated_public_stress_cues,"To evaluate a bp shock, engine maps bp shock to shock_delta_metric_ratio by cell/instrument, then interpolates this table or repeats the same formula."
threshold_exceedance_share_from_percentile_distribution,firm_real_estate_cre_maturity_wall,firm_real_estate_cre_maturity_wall,cre_refi_wall,P_to_N,performing_to_default_dsr_threshold,0.95,1.05,1.2,CRE_debt_service_to_NOI_inverse_DSCR,0.1,0.95,0.5,share_of_cell_or_subcell,piecewise_linear_interpolation_on_p10_p25_p50_p75_p90; tail p90_to_p99 extrapolated; shock implemented as baseline_metric + shock_delta >= threshold,TREPP_CMBS_DELINQ_2026;STLOUISFED_CRE_MATURITY_WALL_2024;MBA_CRE_MATURITIES_2026;FRB_DELINQUENCY_ALL_BANKS_SA_2026Q1;OWNER_ASSUMPTION_DISTRESS_V2B,CREFC_TREPP_MAY2026;TREPP_HARD_MATURITIES_JUN2026;PROJECT_CRE_REFI_WALL_PROXY,proxy_calibrated_public_stress_cues,"To evaluate a bp shock, engine maps bp shock to shock_delta_metric_ratio by cell/instrument, then interpolates this table or repeats the same formula."
threshold_exceedance_share_from_percentile_distribution,firm_real_estate_cre_maturity_wall,firm_real_estate_cre_maturity_wall,cre_refi_wall,P_to_N,performing_to_default_dsr_threshold,0.95,1.05,1.2,CRE_debt_service_to_NOI_inverse_DSCR,0.15,0.9,0.5625,share_of_cell_or_subcell,piecewise_linear_interpolation_on_p10_p25_p50_p75_p90; tail p90_to_p99 extrapolated; shock implemented as baseline_metric + shock_delta >= threshold,TREPP_CMBS_DELINQ_2026;STLOUISFED_CRE_MATURITY_WALL_2024;MBA_CRE_MATURITIES_2026;FRB_DELINQUENCY_ALL_BANKS_SA_2026Q1;OWNER_ASSUMPTION_DISTRESS_V2B,CREFC_TREPP_MAY2026;TREPP_HARD_MATURITIES_JUN2026;PROJECT_CRE_REFI_WALL_PROXY,proxy_calibrated_public_stress_cues,"To evaluate a bp shock, engine maps bp shock to shock_delta_metric_ratio by cell/instrument, then interpolates this table or repeats the same formula."
threshold_exceedance_share_from_percentile_distribution,firm_real_estate_cre_maturity_wall,firm_real_estate_cre_maturity_wall,cre_refi_wall,P_to_N,performing_to_default_dsr_threshold,0.95,1.05,1.2,CRE_debt_service_to_NOI_inverse_DSCR,0.25,0.8,0.6875,share_of_cell_or_subcell,piecewise_linear_interpolation_on_p10_p25_p50_p75_p90; tail p90_to_p99 extrapolated; shock implemented as baseline_metric + shock_delta >= threshold,TREPP_CMBS_DELINQ_2026;STLOUISFED_CRE_MATURITY_WALL_2024;MBA_CRE_MATURITIES_2026;FRB_DELINQUENCY_ALL_BANKS_SA_2026Q1;OWNER_ASSUMPTION_DISTRESS_V2B,CREFC_TREPP_MAY2026;TREPP_HARD_MATURITIES_JUN2026;PROJECT_CRE_REFI_WALL_PROXY,proxy_calibrated_public_stress_cues,"To evaluate a bp shock, engine maps bp shock to shock_delta_metric_ratio by cell/instrument, then interpolates this table or repeats the same formula."
threshold_exceedance_share_from_percentile_distribution,firm_market_funded_high_yield,firm_market_funded_large,corporate_high_yield,P_to_X,performing_to_distressed_dsr_threshold,0.38,0.45,0.55,firm_interest_expense_to_EBIT_inverse_ICR,0.0,0.45,0.6,share_of_cell_or_subcell,piecewise_linear_interpolation_on_p10_p25_p50_p75_p90; tail p90_to_p99 extrapolated; shock implemented as baseline_metric + shock_delta >= threshold,SP_US_CORP_DEFAULT_FORECAST_2025;FITCH_US_HY_LOAN_DEFAULTS_2026;SP_US_RECOVERY_STUDY_2025;REUTERS_PRIVATE_CREDIT_FITCH_2026;OWNER_ASSUMPTION_DISTRESS_V2B,FED_FSR_MAY2026_ICR;PROJECT_DISTRESS_PACK_PROXY,proxy_calibrated_public_stress_cues,"To evaluate a bp shock, engine maps bp shock to shock_delta_metric_ratio by cell/instrument, then interpolates this table or repeats the same formula."
threshold_exceedance_share_from_percentile_distribution,firm_market_funded_high_yield,firm_market_funded_large,corporate_high_yield,P_to_X,performing_to_distressed_dsr_threshold,0.38,0.45,0.55,firm_interest_expense_to_EBIT_inverse_ICR,0.01,0.44,0.61,share_of_cell_or_subcell,piecewise_linear_interpolation_on_p10_p25_p50_p75_p90; tail p90_to_p99 extrapolated; shock implemented as baseline_metric + shock_delta >= threshold,SP_US_CORP_DEFAULT_FORECAST_2025;FITCH_US_HY_LOAN_DEFAULTS_2026;SP_US_RECOVERY_STUDY_2025;REUTERS_PRIVATE_CREDIT_FITCH_2026;OWNER_ASSUMPTION_DISTRESS_V2B,FED_FSR_MAY2026_ICR;PROJECT_DISTRESS_PACK_PROXY,proxy_calibrated_public_stress_cues,"To evaluate a bp shock, engine maps bp shock to shock_delta_metric_ratio by cell/instrument, then interpolates this table or repeats the same formula."
threshold_exceedance_share_from_percentile_distribution,firm_market_funded_high_yield,firm_market_funded_large,corporate_high_yield,P_to_X,performing_to_distressed_dsr_threshold,0.38,0.45,0.55,firm_interest_expense_to_EBIT_inverse_ICR,0.02,0.43,0.62,share_of_cell_or_subcell,piecewise_linear_interpolation_on_p10_p25_p50_p75_p90; tail p90_to_p99 extrapolated; shock implemented as baseline_metric + shock_delta >= threshold,SP_US_CORP_DEFAULT_FORECAST_2025;FITCH_US_HY_LOAN_DEFAULTS_2026;SP_US_RECOVERY_STUDY_2025;REUTERS_PRIVATE_CREDIT_FITCH_2026;OWNER_ASSUMPTION_DISTRESS_V2B,FED_FSR_MAY2026_ICR;PROJECT_DISTRESS_PACK_PROXY,proxy_calibrated_public_stress_cues,"To evaluate a bp shock, engine maps bp shock to shock_delta_metric_ratio by cell/instrument, then interpolates this table or repeats the same formula."
threshold_exceedance_share_from_percentile_distribution,firm_market_funded_high_yield,firm_market_funded_large,corporate_high_yield,P_to_X,performing_to_distressed_dsr_threshold,0.38,0.45,0.55,firm_interest_expense_to_EBIT_inverse_ICR,0.05,0.4,0.65,share_of_cell_or_subcell,piecewise_linear_interpolation_on_p10_p25_p50_p75_p90; tail p90_to_p99 extrapolated; shock implemented as baseline_metric + shock_delta >= threshold,SP_US_CORP_DEFAULT_FORECAST_2025;FITCH_US_HY_LOAN_DEFAULTS_2026;SP_US_RECOVERY_STUDY_2025;REUTERS_PRIVATE_CREDIT_FITCH_2026;OWNER_ASSUMPTION_DISTRESS_V2B,FED_FSR_MAY2026_ICR;PROJECT_DISTRESS_PACK_PROXY,proxy_calibrated_public_stress_cues,"To evaluate a bp shock, engine maps bp shock to shock_delta_metric_ratio by cell/instrument, then interpolates this table or repeats the same formula."
threshold_exceedance_share_from_percentile_distribution,firm_market_funded_high_yield,firm_market_funded_large,corporate_high_yield,P_to_X,performing_to_distressed_dsr_threshold,0.38,0.45,0.55,firm_interest_expense_to_EBIT_inverse_ICR,0.1,0.35,0.7,share_of_cell_or_subcell,piecewise_linear_interpolation_on_p10_p25_p50_p75_p90; tail p90_to_p99 extrapolated; shock implemented as baseline_metric + shock_delta >= threshold,SP_US_CORP_DEFAULT_FORECAST_2025;FITCH_US_HY_LOAN_DEFAULTS_2026;SP_US_RECOVERY_STUDY_2025;REUTERS_PRIVATE_CREDIT_FITCH_2026;OWNER_ASSUMPTION_DISTRESS_V2B,FED_FSR_MAY2026_ICR;PROJECT_DISTRESS_PACK_PROXY,proxy_calibrated_public_stress_cues,"To evaluate a bp shock, engine maps bp shock to shock_delta_metric_ratio by cell/instrument, then interpolates this table or repeats the same formula."
threshold_exceedance_share_from_percentile_distribution,firm_market_funded_high_yield,firm_market_funded_large,corporate_high_yield,P_to_X,performing_to_distressed_dsr_threshold,0.38,0.45,0.55,firm_interest_expense_to_EBIT_inverse_ICR,0.15,0.3,0.75,share_of_cell_or_subcell,piecewise_linear_interpolation_on_p10_p25_p50_p75_p90; tail p90_to_p99 extrapolated; shock implemented as baseline_metric + shock_delta >= threshold,SP_US_CORP_DEFAULT_FORECAST_2025;FITCH_US_HY_LOAN_DEFAULTS_2026;SP_US_RECOVERY_STUDY_2025;REUTERS_PRIVATE_CREDIT_FITCH_2026;OWNER_ASSUMPTION_DISTRESS_V2B,FED_FSR_MAY2026_ICR;PROJECT_DISTRESS_PACK_PROXY,proxy_calibrated_public_stress_cues,"To evaluate a bp shock, engine maps bp shock to shock_delta_metric_ratio by cell/instrument, then interpolates this table or repeats the same formula."
threshold_exceedance_share_from_percentile_distribution,firm_market_funded_high_yield,firm_market_funded_large,corporate_high_yield,P_to_X,performing_to_distressed_dsr_threshold,0.38,0.45,0.55,firm_interest_expense_to_EBIT_inverse_ICR,0.25,0.2,0.875,share_of_cell_or_subcell,piecewise_linear_interpolation_on_p10_p25_p50_p75_p90; tail p90_to_p99 extrapolated; shock implemented as baseline_metric + shock_delta >= threshold,SP_US_CORP_DEFAULT_FORECAST_2025;FITCH_US_HY_LOAN_DEFAULTS_2026;SP_US_RECOVERY_STUDY_2025;REUTERS_PRIVATE_CREDIT_FITCH_2026;OWNER_ASSUMPTION_DISTRESS_V2B,FED_FSR_MAY2026_ICR;PROJECT_DISTRESS_PACK_PROXY,proxy_calibrated_public_stress_cues,"To evaluate a bp shock, engine maps bp shock to shock_delta_metric_ratio by cell/instrument, then interpolates this table or repeats the same formula."
threshold_exceedance_share_from_percentile_distribution,firm_market_funded_high_yield,firm_market_funded_large,corporate_high_yield,P_to_N,performing_to_default_dsr_threshold,0.48,0.58,0.7,firm_interest_expense_to_EBIT_inverse_ICR,0.0,0.58,0.475,share_of_cell_or_subcell,piecewise_linear_interpolation_on_p10_p25_p50_p75_p90; tail p90_to_p99 extrapolated; shock implemented as baseline_metric + shock_delta >= threshold,SP_US_CORP_DEFAULT_FORECAST_2025;FITCH_US_HY_LOAN_DEFAULTS_2026;SP_US_RECOVERY_STUDY_2025;REUTERS_PRIVATE_CREDIT_FITCH_2026;OWNER_ASSUMPTION_DISTRESS_V2B,FED_FSR_MAY2026_ICR;PROJECT_DISTRESS_PACK_PROXY,proxy_calibrated_public_stress_cues,"To evaluate a bp shock, engine maps bp shock to shock_delta_metric_ratio by cell/instrument, then interpolates this table or repeats the same formula."
threshold_exceedance_share_from_percentile_distribution,firm_market_funded_high_yield,firm_market_funded_large,corporate_high_yield,P_to_N,performing_to_default_dsr_threshold,0.48,0.58,0.7,firm_interest_expense_to_EBIT_inverse_ICR,0.01,0.57,0.483333,share_of_cell_or_subcell,piecewise_linear_interpolation_on_p10_p25_p50_p75_p90; tail p90_to_p99 extrapolated; shock implemented as baseline_metric + shock_delta >= threshold,SP_US_CORP_DEFAULT_FORECAST_2025;FITCH_US_HY_LOAN_DEFAULTS_2026;SP_US_RECOVERY_STUDY_2025;REUTERS_PRIVATE_CREDIT_FITCH_2026;OWNER_ASSUMPTION_DISTRESS_V2B,FED_FSR_MAY2026_ICR;PROJECT_DISTRESS_PACK_PROXY,proxy_calibrated_public_stress_cues,"To evaluate a bp shock, engine maps bp shock to shock_delta_metric_ratio by cell/instrument, then interpolates this table or repeats the same formula."
threshold_exceedance_share_from_percentile_distribution,firm_market_funded_high_yield,firm_market_funded_large,corporate_high_yield,P_to_N,performing_to_default_dsr_threshold,0.48,0.58,0.7,firm_interest_expense_to_EBIT_inverse_ICR,0.02,0.56,0.491667,share_of_cell_or_subcell,piecewise_linear_interpolation_on_p10_p25_p50_p75_p90; tail p90_to_p99 extrapolated; shock implemented as baseline_metric + shock_delta >= threshold,SP_US_CORP_DEFAULT_FORECAST_2025;FITCH_US_HY_LOAN_DEFAULTS_2026;SP_US_RECOVERY_STUDY_2025;REUTERS_PRIVATE_CREDIT_FITCH_2026;OWNER_ASSUMPTION_DISTRESS_V2B,FED_FSR_MAY2026_ICR;PROJECT_DISTRESS_PACK_PROXY,proxy_calibrated_public_stress_cues,"To evaluate a bp shock, engine maps bp shock to shock_delta_metric_ratio by cell/instrument, then interpolates this table or repeats the same formula."
threshold_exceedance_share_from_percentile_distribution,firm_market_funded_high_yield,firm_market_funded_large,corporate_high_yield,P_to_N,performing_to_default_dsr_threshold,0.48,0.58,0.7,firm_interest_expense_to_EBIT_inverse_ICR,0.05,0.53,0.52,share_of_cell_or_subcell,piecewise_linear_interpolation_on_p10_p25_p50_p75_p90; tail p90_to_p99 extrapolated; shock implemented as baseline_metric + shock_delta >= threshold,SP_US_CORP_DEFAULT_FORECAST_2025;FITCH_US_HY_LOAN_DEFAULTS_2026;SP_US_RECOVERY_STUDY_2025;REUTERS_PRIVATE_CREDIT_FITCH_2026;OWNER_ASSUMPTION_DISTRESS_V2B,FED_FSR_MAY2026_ICR;PROJECT_DISTRESS_PACK_PROXY,proxy_calibrated_public_stress_cues,"To evaluate a bp shock, engine maps bp shock to shock_delta_metric_ratio by cell/instrument, then interpolates this table or repeats the same formula."
threshold_exceedance_share_from_percentile_distribution,firm_market_funded_high_yield,firm_market_funded_large,corporate_high_yield,P_to_N,performing_to_default_dsr_threshold,0.48,0.58,0.7,firm_interest_expense_to_EBIT_inverse_ICR,0.1,0.48,0.57,share_of_cell_or_subcell,piecewise_linear_interpolation_on_p10_p25_p50_p75_p90; tail p90_to_p99 extrapolated; shock implemented as baseline_metric + shock_delta >= threshold,SP_US_CORP_DEFAULT_FORECAST_2025;FITCH_US_HY_LOAN_DEFAULTS_2026;SP_US_RECOVERY_STUDY_2025;REUTERS_PRIVATE_CREDIT_FITCH_2026;OWNER_ASSUMPTION_DISTRESS_V2B,FED_FSR_MAY2026_ICR;PROJECT_DISTRESS_PACK_PROXY,proxy_calibrated_public_stress_cues,"To evaluate a bp shock, engine maps bp shock to shock_delta_metric_ratio by cell/instrument, then interpolates this table or repeats the same formula."
threshold_exceedance_share_from_percentile_distribution,firm_market_funded_high_yield,firm_market_funded_large,corporate_high_yield,P_to_N,performing_to_default_dsr_threshold,0.48,0.58,0.7,firm_interest_expense_to_EBIT_inverse_ICR,0.15,0.43,0.62,share_of_cell_or_subcell,piecewise_linear_interpolation_on_p10_p25_p50_p75_p90; tail p90_to_p99 extrapolated; shock implemented as baseline_metric + shock_delta >= threshold,SP_US_CORP_DEFAULT_FORECAST_2025;FITCH_US_HY_LOAN_DEFAULTS_2026;SP_US_RECOVERY_STUDY_2025;REUTERS_PRIVATE_CREDIT_FITCH_2026;OWNER_ASSUMPTION_DISTRESS_V2B,FED_FSR_MAY2026_ICR;PROJECT_DISTRESS_PACK_PROXY,proxy_calibrated_public_stress_cues,"To evaluate a bp shock, engine maps bp shock to shock_delta_metric_ratio by cell/instrument, then interpolates this table or repeats the same formula."
threshold_exceedance_share_from_percentile_distribution,firm_market_funded_high_yield,firm_market_funded_large,corporate_high_yield,P_to_N,performing_to_default_dsr_threshold,0.48,0.58,0.7,firm_interest_expense_to_EBIT_inverse_ICR,0.25,0.33,0.72,share_of_cell_or_subcell,piecewise_linear_interpolation_on_p10_p25_p50_p75_p90; tail p90_to_p99 extrapolated; shock implemented as baseline_metric + shock_delta >= threshold,SP_US_CORP_DEFAULT_FORECAST_2025;FITCH_US_HY_LOAN_DEFAULTS_2026;SP_US_RECOVERY_STUDY_2025;REUTERS_PRIVATE_CREDIT_FITCH_2026;OWNER_ASSUMPTION_DISTRESS_V2B,FED_FSR_MAY2026_ICR;PROJECT_DISTRESS_PACK_PROXY,proxy_calibrated_public_stress_cues,"To evaluate a bp shock, engine maps bp shock to shock_delta_metric_ratio by cell/instrument, then interpolates this table or repeats the same formula."
