output_csv,writer_function,row_function,source_module,line_start,line_end
cbo_budget_projections.csv,_write_cbo_projection_table,,src/ratewall/databook/build_legacy.py,123363,123379
distributional_exposure_levels.csv,_write_distributional_exposure_levels_table,,src/ratewall/databook/build_legacy.py,129058,129122
evidence_limitations.csv,_write_evidence_limitations_table,,src/ratewall/databook/build_legacy.py,129436,130113
holder_allocation_design_ledger_disabled.csv,_write_disabled_allocation_design_ledger_table,,src/ratewall/databook/build_legacy.py,128822,128858
holder_allocation_gate.csv,_write_holder_allocation_gate_table,,src/ratewall/databook/build_legacy.py,128740,128779
holder_final_owner_allocation_disabled.csv,_write_disabled_final_owner_allocation_table,,src/ratewall/databook/build_legacy.py,128782,128819
ofr_mmf_treasury_context.csv,_write_ofr_mmf_treasury_context_table,,src/ratewall/databook/build_legacy.py,124090,124184
public_liability_fine_holder_context.csv,_write_fine_holder_context_table,,src/ratewall/databook/build_legacy.py,123808,123913
public_liability_holder_context.csv,_write_holder_context_table,,src/ratewall/databook/build_legacy.py,123744,123805
ratewall_100bps_impulse.csv,_write_impulse_table,,src/ratewall/databook/build_legacy.py,24987,25030
ratewall_active_output_index.csv,_write_rows,active_output_index_rows_,src/ratewall/databook/table_io.py,9,14
ratewall_annual_flow_denominator_anchor_registry.csv,_write_rows,,src/ratewall/databook/table_io.py,9,14
ratewall_annual_flow_runtime_family_registry.csv,_write_rows,,src/ratewall/databook/table_io.py,9,14
ratewall_annual_support_denominator_compatibility_registry.csv,_write_rows,,src/ratewall/databook/table_io.py,9,14
ratewall_annual_support_numerator_component_registry.csv,_write_rows,,src/ratewall/databook/table_io.py,9,14
ratewall_annual_support_numerator_component_rollup.csv,_write_rows,,src/ratewall/databook/table_io.py,9,14
ratewall_annual_support_numerator_contract.csv,_write_rows,,src/ratewall/databook/table_io.py,9,14
ratewall_annual_support_numerator_contract_invariant_audit.csv,_write_rows,,src/ratewall/databook/table_io.py,9,14
ratewall_annual_support_numerator_source_gate.csv,_write_rows,,src/ratewall/databook/table_io.py,9,14
ratewall_annual_support_numerator_uncertainty_envelope.csv,_write_rows,,src/ratewall/databook/table_io.py,9,14
ratewall_assumption_mode_channel_promotion_decision.csv,_write_ratewall_assumption_mode_channel_promotion_table,assumption_mode_channel_promotion_rows,src/ratewall/databook/build_legacy.py,121611,121614
ratewall_assumption_mode_channel_status_crosswalk.csv,_write_ratewall_assumption_mode_channel_status_crosswalk_table,assumption_mode_channel_status_crosswalk_rows,src/ratewall/databook/build_legacy.py,121739,121742
ratewall_assumption_mode_claim_boundary_audit.csv,_write_ratewall_assumption_mode_claim_boundary_audit_table,assumption_mode_audit_rows,src/ratewall/databook/build_legacy.py,122041,122044
ratewall_assumption_mode_driver_dominance_matrix.csv,_write_ratewall_assumption_mode_driver_dominance_matrix_table,assumption_mode_driver_dominance_rows,src/ratewall/databook/build_legacy.py,121442,121445
ratewall_assumption_mode_dynamic_sidecar_driver_decomposition.csv,_write_ratewall_assumption_mode_dynamic_sidecar_driver_decomposition_table,assumption_mode_dynamic_sidecar_driver_decomposition_rows,src/ratewall/databook/build_legacy.py,121689,121696
ratewall_assumption_mode_dynamic_sidecar_family_summary.csv,_write_ratewall_assumption_mode_dynamic_sidecar_family_summary_table,assumption_mode_dynamic_sidecar_family_summary_rows,src/ratewall/databook/build_legacy.py,121699,121706
ratewall_assumption_mode_dynamic_sidecar_paths.csv,_write_ratewall_assumption_mode_dynamic_sidecar_path_table,assumption_mode_dynamic_sidecar_path_rows,src/ratewall/databook/build_legacy.py,121683,121686
ratewall_assumption_mode_dynamic_sidecar_secondary_frontier.csv,_write_ratewall_assumption_mode_dynamic_sidecar_secondary_frontier_table,assumption_mode_dynamic_sidecar_secondary_frontier_rows,src/ratewall/databook/build_legacy.py,121719,121726
ratewall_assumption_mode_dynamic_sidecar_secondary_paths.csv,_write_ratewall_assumption_mode_dynamic_sidecar_secondary_path_table,assumption_mode_dynamic_sidecar_secondary_path_rows,src/ratewall/databook/build_legacy.py,121709,121716
ratewall_assumption_mode_formula_identity_audit.csv,_write_ratewall_assumption_mode_formula_identity_audit_table,assumption_mode_formula_identity_audit_rows,src/ratewall/databook/build_legacy.py,121745,121748
ratewall_assumption_mode_interpretation.csv,_write_ratewall_assumption_mode_interpretation_table,assumption_mode_interpretation_rows,src/ratewall/databook/build_legacy.py,121885,121888
ratewall_assumption_mode_overlap_guardrail_audit.csv,_write_ratewall_assumption_mode_overlap_guardrail_audit_table,assumption_mode_overlap_guardrail_audit_rows,src/ratewall/databook/build_legacy.py,121627,121630
ratewall_assumption_mode_pairwise_sensitivity_matrix.csv,_write_ratewall_assumption_mode_pairwise_sensitivity_matrix_table,assumption_mode_pairwise_sensitivity_rows,src/ratewall/databook/build_legacy.py,121448,121451
ratewall_assumption_mode_parameter_activation_ledger.csv,_write_ratewall_assumption_mode_parameter_activation_ledger_table,assumption_mode_parameter_activation_ledger_rows,src/ratewall/databook/build_legacy.py,121729,121736
ratewall_assumption_mode_post_closure_boundary_map.csv,_write_ratewall_assumption_mode_post_closure_boundary_map_table,assumption_mode_post_closure_boundary_rows,src/ratewall/databook/build_legacy.py,121340,121347
ratewall_assumption_mode_promoted_channel_contributions.csv,_write_ratewall_assumption_mode_promoted_channel_contribution_table,assumption_mode_promoted_channel_contribution_rows,src/ratewall/databook/build_legacy.py,121617,121624
ratewall_assumption_mode_recipient_conversion_overlap_audit.csv,_write_ratewall_assumption_mode_recipient_conversion_overlap_audit_table,assumption_mode_recipient_conversion_overlap_audit_rows,src/ratewall/databook/build_legacy.py,121633,121640
ratewall_assumption_mode_recipient_leakage_absorber_basis_audit.csv,_write_ratewall_assumption_mode_recipient_leakage_absorber_basis_audit_table,assumption_mode_recipient_leakage_absorber_basis_audit_rows,src/ratewall/databook/build_legacy.py,121793,121800
ratewall_assumption_mode_sidecar_bundle_frontier.csv,_write_ratewall_assumption_mode_sidecar_bundle_frontier_table,assumption_mode_sidecar_bundle_frontier_rows,src/ratewall/databook/build_legacy.py,121667,121670
ratewall_assumption_mode_sidecar_channel_decision.csv,_write_ratewall_assumption_mode_sidecar_channel_decision_table,assumption_mode_sidecar_channel_decision_rows,src/ratewall/databook/build_legacy.py,121643,121646
ratewall_assumption_mode_sidecar_contributions.csv,_write_ratewall_assumption_mode_sidecar_contribution_table,assumption_mode_sidecar_contribution_rows,src/ratewall/databook/build_legacy.py,121649,121652
ratewall_assumption_mode_sidecar_driver_decomposition.csv,_write_ratewall_assumption_mode_sidecar_driver_decomposition_table,assumption_mode_sidecar_driver_decomposition_rows,src/ratewall/databook/build_legacy.py,121673,121680
ratewall_assumption_mode_sidecar_frontier.csv,_write_ratewall_assumption_mode_sidecar_frontier_table,assumption_mode_sidecar_frontier_rows,src/ratewall/databook/build_legacy.py,121661,121664
ratewall_assumption_mode_sidecar_reasonableness_audit.csv,_write_ratewall_assumption_mode_sidecar_reasonableness_audit_table,assumption_mode_sidecar_reasonableness_audit_rows,src/ratewall/databook/build_legacy.py,121655,121658
ratewall_assumption_sensitivity.csv,_write_ratewall_assumption_sensitivity_table,assumption_sensitivity_rows,src/ratewall/databook/build_legacy.py,121417,121420
ratewall_assumption_sets.csv,_write_ratewall_assumption_sets_table,assumption_set_rows,src/ratewall/databook/build_legacy.py,119896,119899
ratewall_assumption_source_backing_invariant_audit.csv,_write_rows,assumption_source_backing_invariant_audit_rows_,src/ratewall/databook/table_io.py,9,14
ratewall_assumption_source_backing_ledger.csv,_write_rows,assumption_source_backing_ledger_rows_,src/ratewall/databook/table_io.py,9,14
ratewall_baa_current_demand_bridge_source_audit.csv,_write_rows,baa_current_demand_bridge_source_audit_rows,src/ratewall/databook/table_io.py,9,14
ratewall_baa_event_window_support_diagnostic.csv,_write_rows,baa_event_window_support_diagnostic_rows,src/ratewall/databook/table_io.py,9,14
ratewall_baa_hqm_mapping_diagnostic.csv,_write_rows,baa_hqm_mapping_diagnostic_rows,src/ratewall/databook/table_io.py,9,14
ratewall_baa_policy_path_normalization_gate.csv,_write_rows,baa_policy_path_normalization_gate_rows,src/ratewall/databook/table_io.py,9,14
ratewall_baa_response_diagnostic.csv,_write_rows,baa_response_diagnostic_rows,src/ratewall/databook/table_io.py,9,14
ratewall_baa_rights_proxy_uncertainty_review.csv,_write_rows,baa_rights_proxy_uncertainty_review_rows,src/ratewall/databook/table_io.py,9,14
ratewall_backend_accounting_identity_audit.csv,_write_ratewall_backend_accounting_identity_audit_table,backend_accounting_identity_audit_rows,src/ratewall/databook/build_legacy.py,121509,121512
ratewall_backend_artifact_claim_boundary_manifest.csv,_write_ratewall_backend_artifact_claim_boundary_manifest_table,backend_artifact_claim_boundary_manifest_rows_,src/ratewall/databook/build_legacy.py,121775,121778
ratewall_backend_completion_verdict.csv,_write_ratewall_backend_completion_verdict_table,backend_completion_verdict_rows,src/ratewall/databook/build_legacy.py,121460,121463
ratewall_backend_expansion_context_registry.csv,_write_ratewall_backend_expansion_context_table,backend_expansion_context_registry_rows,src/ratewall/databook/build_legacy.py,121605,121608
ratewall_backend_invariant_guardrail_audit.csv,_write_ratewall_backend_invariant_guardrail_audit_table,backend_invariant_guardrail_audit_rows,src/ratewall/databook/build_legacy.py,121454,121457
ratewall_backend_model_readiness_gate.csv,_write_ratewall_backend_model_readiness_gate_table,backend_model_readiness_gate_rows,src/ratewall/databook/build_legacy.py,121569,121572
ratewall_backend_surface_schema_contract.csv,_write_ratewall_backend_surface_schema_contract_table,backend_surface_schema_contract_rows_,src/ratewall/databook/build_legacy.py,121769,121772
ratewall_baml_effective_yield_source_access_gate.csv,_write_rows,baml_effective_yield_source_access_gate_rows,src/ratewall/databook/table_io.py,9,14
ratewall_baml_source_history_repair_contract.csv,_write_ratewall_baml_source_history_repair_contract_table,baml_source_history_repair_contract_rows,src/ratewall/databook/build_legacy.py,120280,120287
ratewall_bank_behavior_bridge_source_contract_queue.csv,_write_rows,bank_behavior_bridge_source_contract_queue_rows_,src/ratewall/databook/table_io.py,9,14
ratewall_bank_behavior_rank1_source_contract_path.csv,_write_rows,bank_behavior_rank1_source_contract_path_rows_,src/ratewall/databook/table_io.py,9,14
ratewall_bank_loan_repricing_context.csv,_write_ratewall_financialization_context_table,bank_loan_repricing_context_rows,src/ratewall/databook/build_legacy.py,121593,121596
ratewall_bank_nim_credit_supply_context.csv,_write_backend_expansion_artifact,,src/ratewall/databook/build_legacy.py,,
ratewall_bdc_private_credit_stress_marker_context.csv,_write_backend_expansion_artifact,,src/ratewall/databook/build_legacy.py,,
ratewall_blocker_resolution_ledger.csv,_write_blocker_resolution_ledger_table,blocker_resolution_rows,src/ratewall/databook/build_legacy.py,119745,119748
ratewall_bnpl_zero_interest_float_context.csv,_write_backend_expansion_artifact,,src/ratewall/databook/build_legacy.py,,
ratewall_bnpl_zero_interest_float_evidence_gap.csv,_write_ratewall_bnpl_zero_interest_float_evidence_gap_table,bnpl_zero_interest_float_evidence_gap_rows,src/ratewall/databook/build_legacy.py,120002,120005
ratewall_borrowing_cost_source_object_adjudication.csv,_write_rows,borrowing_cost_source_object_adjudication_rows,src/ratewall/databook/table_io.py,9,14
ratewall_brokerage_tbill_mmf_access_context.csv,_write_backend_expansion_artifact,,src/ratewall/databook/build_legacy.py,,
ratewall_buyer_case_sign_matrix.csv,_write_buyer_case_sign_matrix_table,buyer_case_rows,src/ratewall/databook/build_legacy.py,119798,119799
ratewall_calibration_parameter_recommendations.csv,_write_ratewall_calibration_parameter_recommendations_table,calibration_parameter_recommendation_rows,src/ratewall/databook/spine_calibration.py,148,151
ratewall_calibration_source_acquisition_plan.csv,_write_ratewall_calibration_source_acquisition_plan_table,calibration_source_acquisition_plan_rows,src/ratewall/databook/build_legacy.py,121851,121854
ratewall_canonical_tdc_accounting_path.csv,_write_canonical_tdc_accounting_path_table,canonical_tdc_accounting_path_rows_,src/ratewall/databook/build_legacy.py,119643,119646
ratewall_canonical_tdc_accounting_source_hierarchy_audit.csv,_write_canonical_tdc_accounting_source_hierarchy_audit_table,canonical_tdc_accounting_source_hierarchy_audit_rows_,src/ratewall/databook/build_legacy.py,119655,119658
ratewall_canonical_tdc_stitched_accounting_path.csv,_write_canonical_tdc_stitched_accounting_path_table,canonical_tdc_stitched_accounting_path_rows_,src/ratewall/databook/build_legacy.py,119649,119652
ratewall_channel_taxonomy_registry.csv,_write_rows,channel_taxonomy_registry_rows_,src/ratewall/databook/table_io.py,9,14
ratewall_chapter_readiness_self_audit.csv,_write_ratewall_chapter_readiness_self_audit_table,chapter_readiness_self_audit_rows,src/ratewall/databook/build_legacy.py,121575,121578
ratewall_closest_to_wall_frontier.csv,_write_rows,closest_to_wall_frontier_rows_,src/ratewall/databook/table_io.py,9,14
ratewall_condition_frontier.csv,_write_ratewall_condition_frontier_table,condition_frontier_rows,src/ratewall/databook/build_legacy.py,119902,119905
ratewall_context_surface_no_main_ratio_audit.csv,_write_ratewall_context_surface_no_main_ratio_audit_table,context_surface_no_main_ratio_audit_rows,src/ratewall/databook/build_legacy.py,121763,121766
ratewall_contractionary_benchmark_calibration.csv,_write_contractionary_benchmark_calibration_table,contractionary_benchmark_rows,src/ratewall/databook/build_legacy.py,119721,119724
ratewall_conventional_drag_bounded_denominator_registry.csv,_write_rows,,src/ratewall/databook/table_io.py,9,14
ratewall_conventional_drag_calibration_route.csv,_write_ratewall_conventional_drag_calibration_route_table,conventional_drag_calibration_route_rows,src/ratewall/databook/build_legacy.py,120300,120303
ratewall_conventional_drag_channel_evidence_gap.csv,_write_ratewall_conventional_drag_channel_evidence_gap_table,conventional_drag_channel_evidence_gap_rows,src/ratewall/databook/build_legacy.py,120020,120023
ratewall_conventional_drag_current_demand_mapping_bridge.csv,_write_ratewall_conventional_drag_current_demand_mapping_bridge_table,conventional_drag_current_demand_mapping_bridge_rows,src/ratewall/databook/build_legacy.py,120606,120613
ratewall_conventional_drag_current_demand_ratio_gate.csv,_write_rows,,src/ratewall/databook/table_io.py,9,14
ratewall_conventional_drag_decomposition.csv,_write_ratewall_conventional_drag_decomposition_table,conventional_drag_decomposition_rows_,src/ratewall/databook/build_legacy.py,121527,121530
ratewall_conventional_drag_demand_conversion_admission.csv,_write_ratewall_conventional_drag_demand_conversion_admission_table,conventional_drag_demand_conversion_admission_rows,src/ratewall/databook/build_legacy.py,120290,120297
ratewall_conventional_drag_denominator_promotion_rule_evaluation.csv,_write_rows,,src/ratewall/databook/table_io.py,9,14
ratewall_conventional_drag_denominator_route_triage_synthesis.csv,_write_rows,conventional_drag_denominator_route_triage_synthesis_rows_,src/ratewall/databook/table_io.py,9,14
ratewall_conventional_drag_denominator_status_compact.csv,_write_rows,,src/ratewall/databook/table_io.py,9,14
ratewall_conventional_drag_empirical_target_registry.csv,_write_rows,conventional_drag_empirical_target_registry_rows_,src/ratewall/databook/table_io.py,9,14
ratewall_conventional_drag_evidence_tranche.csv,_write_ratewall_conventional_drag_evidence_tranche_table,conventional_drag_evidence_tranche_rows,src/ratewall/databook/build_legacy.py,120274,120277
ratewall_conventional_drag_fspdp_component_decomposition_bridge.csv,_write_ratewall_conventional_drag_fspdp_component_decomposition_bridge_table,conventional_drag_fspdp_component_decomposition_bridge_rows,src/ratewall/databook/build_legacy.py,120438,120441
ratewall_conventional_drag_fspdp_component_share_panel.csv,_write_ratewall_conventional_drag_fspdp_component_share_panel_table,fspdp_component_share_panel_rows,src/ratewall/databook/build_legacy.py,120600,120603
ratewall_conventional_drag_fspdp_component_source_manifest.csv,_write_ratewall_conventional_drag_fspdp_component_source_manifest_table,fspdp_component_source_manifest_rows,src/ratewall/databook/build_legacy.py,120594,120597
ratewall_conventional_drag_fspdp_controlled_lp_design_matrix_audit.csv,_write_rows,,src/ratewall/databook/table_io.py,9,14
ratewall_conventional_drag_fspdp_controlled_lp_estimate_candidate.csv,_write_rows,,src/ratewall/databook/table_io.py,9,14
ratewall_conventional_drag_fspdp_controlled_lp_identification_check.csv,_write_rows,,src/ratewall/databook/table_io.py,9,14
ratewall_conventional_drag_fspdp_controlled_lp_independent_replication.csv,_write_rows,,src/ratewall/databook/table_io.py,9,14
ratewall_conventional_drag_fspdp_controlled_lp_robustness.csv,_write_rows,,src/ratewall/databook/table_io.py,9,14
ratewall_conventional_drag_fspdp_coverage_priority_search_queue.csv,_write_ratewall_conventional_drag_fspdp_coverage_priority_search_queue_table,conventional_drag_fspdp_coverage_priority_search_queue_rows,src/ratewall/databook/build_legacy.py,120454,120461
ratewall_conventional_drag_fspdp_coverage_weight_requirement_review.csv,_write_ratewall_conventional_drag_fspdp_coverage_weight_requirement_review_table,conventional_drag_fspdp_coverage_weight_requirement_review_rows,src/ratewall/databook/build_legacy.py,120444,120451
ratewall_conventional_drag_fspdp_denominator_candidate_join_preflight.csv,_write_rows,conventional_drag_fspdp_denominator_candidate_join_preflight_rows,src/ratewall/databook/table_io.py,9,14
ratewall_conventional_drag_fspdp_denominator_conversion_uncertainty_boundary.csv,_write_rows,conventional_drag_fspdp_denominator_conversion_uncertainty_boundary_rows,src/ratewall/databook/table_io.py,9,14
ratewall_conventional_drag_fspdp_denominator_readiness_gate.csv,_write_ratewall_conventional_drag_fspdp_denominator_readiness_gate_table,conventional_drag_fspdp_denominator_readiness_gate_rows,src/ratewall/databook/build_legacy.py,120706,120713
ratewall_conventional_drag_fspdp_external_source_acquisition_action_plan.csv,_write_ratewall_conventional_drag_fspdp_external_source_acquisition_action_plan_table,conventional_drag_fspdp_external_source_acquisition_action_plan_rows,src/ratewall/databook/build_legacy.py,120474,120481
ratewall_conventional_drag_fspdp_gdp_share_conversion_design_gate.csv,_write_rows,conventional_drag_fspdp_gdp_share_conversion_design_gate_rows,src/ratewall/databook/table_io.py,9,14
ratewall_conventional_drag_fspdp_gdp_share_conversion_method_admission.csv,_write_rows,conventional_drag_fspdp_gdp_share_conversion_method_admission_rows,src/ratewall/databook/table_io.py,9,14
ratewall_conventional_drag_fspdp_gdp_share_conversion_sensitivity.csv,_write_rows,conventional_drag_fspdp_gdp_share_conversion_sensitivity_rows,src/ratewall/databook/table_io.py,9,14
ratewall_conventional_drag_fspdp_lp_control_panel.csv,_write_rows,,src/ratewall/databook/table_io.py,9,14
ratewall_conventional_drag_fspdp_lp_sample_base_share_join.csv,_write_rows,conventional_drag_fspdp_lp_sample_base_share_join_rows,src/ratewall/databook/table_io.py,9,14
ratewall_conventional_drag_fspdp_lp_sample_share_closeout_decision.csv,_write_rows,conventional_drag_fspdp_lp_sample_share_closeout_decision_rows,src/ratewall/databook/table_io.py,9,14
ratewall_conventional_drag_fspdp_official_component_source_acquisition_execution.csv,_write_ratewall_conventional_drag_fspdp_official_component_source_acquisition_execution_table,conventional_drag_fspdp_official_component_source_acquisition_execution_rows,src/ratewall/databook/build_legacy.py,120484,120491
ratewall_conventional_drag_fspdp_proxy_iv_frbus_benchmark_crosscheck.csv,_write_rows,,src/ratewall/databook/table_io.py,9,14
ratewall_conventional_drag_fspdp_proxy_iv_weak_iv_safe_inference.csv,_write_rows,,src/ratewall/databook/table_io.py,9,14
ratewall_conventional_drag_fspdp_research_side_action_plan_extraction_review.csv,_write_ratewall_conventional_drag_fspdp_research_side_action_plan_extraction_review_table,conventional_drag_fspdp_research_side_action_plan_extraction_review_rows,src/ratewall/databook/build_legacy.py,120494,120501
ratewall_conventional_drag_fspdp_source_code_search_review.csv,_write_ratewall_conventional_drag_fspdp_source_code_search_review_table,conventional_drag_fspdp_source_code_search_review_rows,src/ratewall/databook/build_legacy.py,120464,120471
ratewall_conventional_drag_fspdp_value_bearing_exposure_lp_execution.csv,_write_rows,conventional_drag_fspdp_value_bearing_exposure_lp_execution_rows,src/ratewall/databook/table_io.py,9,14
ratewall_conventional_drag_local_lp_admission_audit.csv,_write_ratewall_conventional_drag_local_lp_admission_audit_table,conventional_drag_local_lp_admission_audit_rows,src/ratewall/databook/build_legacy.py,120696,120703
ratewall_conventional_drag_local_lp_design.csv,_write_ratewall_conventional_drag_local_lp_design_table,conventional_drag_local_lp_design_rows,src/ratewall/databook/build_legacy.py,120646,120653
ratewall_conventional_drag_local_lp_diagnostic.csv,_write_ratewall_conventional_drag_local_lp_diagnostic_table,conventional_drag_local_lp_diagnostic_rows,src/ratewall/databook/build_legacy.py,120656,120663
ratewall_conventional_drag_local_lp_estimate_diagnostic.csv,_write_ratewall_conventional_drag_local_lp_estimate_diagnostic_table,conventional_drag_local_lp_estimate_diagnostic_rows,src/ratewall/databook/build_legacy.py,120666,120673
ratewall_conventional_drag_local_lp_robustness_diagnostic.csv,_write_ratewall_conventional_drag_local_lp_robustness_diagnostic_table,conventional_drag_local_lp_robustness_diagnostic_rows,src/ratewall/databook/build_legacy.py,120676,120683
ratewall_conventional_drag_local_lp_sample_window_audit.csv,_write_ratewall_conventional_drag_local_lp_sample_window_audit_table,conventional_drag_local_lp_sample_window_audit_rows,src/ratewall/databook/build_legacy.py,120686,120693
ratewall_conventional_drag_local_macro_panel.csv,_write_ratewall_conventional_drag_local_macro_panel_table,conventional_drag_local_macro_panel_rows,src/ratewall/databook/build_legacy.py,120626,120633
ratewall_conventional_drag_local_shock_quarterly.csv,_write_ratewall_conventional_drag_local_shock_quarterly_table,conventional_drag_local_shock_quarterly_rows,src/ratewall/databook/build_legacy.py,120636,120643
ratewall_conventional_drag_mirgk_targeted_gap_source_followup.csv,_write_ratewall_conventional_drag_mirgk_targeted_gap_source_followup_table,conventional_drag_mirgk_targeted_gap_source_followup_rows,src/ratewall/databook/build_legacy.py,120804,120811
ratewall_conventional_drag_promotion_contract_checklist.csv,_write_ratewall_conventional_drag_promotion_contract_checklist_table,conventional_drag_promotion_contract_checklist_rows,src/ratewall/databook/build_legacy.py,120814,120821
ratewall_conventional_drag_research_extended_source_code_interpretation.csv,_write_ratewall_conventional_drag_research_extended_source_code_interpretation_table,conventional_drag_research_extended_source_code_interpretation_rows,src/ratewall/databook/build_legacy.py,120406,120413
ratewall_conventional_drag_research_extraction_candidate.csv,_write_ratewall_conventional_drag_research_extraction_candidate_table,conventional_drag_research_extraction_candidate_rows,src/ratewall/databook/build_legacy.py,120356,120363
ratewall_conventional_drag_research_extraction_conversion_bridge.csv,_write_ratewall_conventional_drag_research_extraction_conversion_bridge_table,conventional_drag_research_extraction_conversion_bridge_rows,src/ratewall/databook/build_legacy.py,120616,120623
ratewall_conventional_drag_research_extraction_gate_audit.csv,_write_ratewall_conventional_drag_research_extraction_gate_audit_table,conventional_drag_research_extraction_gate_audit_rows,src/ratewall/databook/build_legacy.py,120366,120373
ratewall_conventional_drag_research_extraction_gate_detail.csv,_write_ratewall_conventional_drag_research_extraction_gate_detail_table,conventional_drag_research_extraction_gate_detail_rows,src/ratewall/databook/build_legacy.py,120376,120383
ratewall_conventional_drag_research_fspdp_coverage_candidate_scan.csv,_write_ratewall_conventional_drag_research_fspdp_coverage_candidate_scan_table,conventional_drag_research_fspdp_coverage_candidate_scan_rows,src/ratewall/databook/build_legacy.py,120416,120423
ratewall_conventional_drag_research_mir_4q8q_conversion_readiness_review.csv,_write_ratewall_conventional_drag_research_mir_4q8q_conversion_readiness_review_table,conventional_drag_research_mir_4q8q_conversion_readiness_review_rows,src/ratewall/databook/build_legacy.py,120554,120561
ratewall_conventional_drag_research_mir_component_aggregation_normalization_review.csv,_write_ratewall_mir_component_aggregation_review_table,mir_component_aggregation_review_rows,src/ratewall/databook/build_legacy.py,120426,120429
ratewall_conventional_drag_research_mir_component_source_variant_review.csv,_write_ratewall_mir_component_source_variant_review_table,mir_component_source_variant_review_rows,src/ratewall/databook/build_legacy.py,120432,120435
ratewall_conventional_drag_research_mir_h24_8q_rekeying_review.csv,_write_ratewall_conventional_drag_research_mir_h24_8q_rekeying_review_table,conventional_drag_research_mir_h24_8q_rekeying_review_rows,src/ratewall/databook/build_legacy.py,120548,120551
ratewall_conventional_drag_research_mir_h24_source_unit_audit.csv,_write_ratewall_conventional_drag_research_mir_h24_source_unit_audit_table,conventional_drag_research_mir_h24_source_unit_audit_rows,src/ratewall/databook/build_legacy.py,120542,120545
ratewall_conventional_drag_research_mir_horizon_rekeying_candidate_review.csv,_write_ratewall_conventional_drag_research_mir_horizon_rekeying_candidate_review_table,conventional_drag_research_mir_horizon_rekeying_candidate_review_rows,src/ratewall/databook/build_legacy.py,120532,120539
ratewall_conventional_drag_research_mir_replication_source_unit_audit.csv,_write_ratewall_conventional_drag_research_mir_replication_source_unit_audit_table,conventional_drag_research_mir_replication_source_unit_audit_rows,src/ratewall/databook/build_legacy.py,120510,120513
ratewall_conventional_drag_research_mir_source_unit_transformation_contract.csv,_write_ratewall_conventional_drag_research_mir_source_unit_transformation_contract_table,conventional_drag_research_mir_source_unit_transformation_contract_rows,src/ratewall/databook/build_legacy.py,120516,120519
ratewall_conventional_drag_research_mir_target_horizon_reconciliation_contract.csv,_write_ratewall_conventional_drag_research_mir_target_horizon_reconciliation_contract_table,conventional_drag_research_mir_target_horizon_reconciliation_contract_rows,src/ratewall/databook/build_legacy.py,120522,120529
ratewall_conventional_drag_research_parameterization_parser_status.csv,_write_ratewall_conventional_drag_research_parameterization_parser_status_table,conventional_drag_research_parameterization_parser_status_rows,src/ratewall/databook/build_legacy.py,120336,120343
ratewall_conventional_drag_research_parameterization_source_contract.csv,_write_ratewall_conventional_drag_research_parameterization_source_contract_table,conventional_drag_research_parameterization_source_contract_rows,src/ratewall/databook/build_legacy.py,120306,120313
ratewall_conventional_drag_research_parameterization_source_frontier.csv,_write_ratewall_conventional_drag_research_parameterization_source_frontier_table,conventional_drag_research_parameterization_source_frontier_rows,src/ratewall/databook/build_legacy.py,120316,120323
ratewall_conventional_drag_research_payload_inner_inventory.csv,_write_ratewall_conventional_drag_research_payload_inner_inventory_table,conventional_drag_research_payload_inner_inventory_rows,src/ratewall/databook/build_legacy.py,120346,120353
ratewall_conventional_drag_research_payload_manifest.csv,_write_ratewall_conventional_drag_research_payload_manifest_table,conventional_drag_research_payload_manifest_rows,src/ratewall/databook/build_legacy.py,120326,120333
ratewall_conventional_drag_research_policy_path_normalization_bridge_review.csv,_write_ratewall_conventional_drag_research_policy_path_normalization_bridge_review_table,conventional_drag_research_policy_path_normalization_bridge_review_rows,src/ratewall/databook/build_legacy.py,120564,120571
ratewall_conventional_drag_research_source_code_interpretation.csv,_write_ratewall_conventional_drag_research_source_code_interpretation_table,conventional_drag_research_source_code_interpretation_rows,src/ratewall/databook/build_legacy.py,120396,120403
ratewall_conventional_drag_research_source_method_bridge.csv,_write_ratewall_conventional_drag_research_source_method_bridge_table,conventional_drag_research_source_method_bridge_rows,src/ratewall/databook/build_legacy.py,120386,120393
ratewall_conventional_drag_research_source_unit_conversion_review.csv,_write_ratewall_conventional_drag_research_source_unit_conversion_review_table,conventional_drag_research_source_unit_conversion_review_rows,src/ratewall/databook/build_legacy.py,120504,120507
ratewall_conventional_drag_response_design_gate.csv,_write_rows,conventional_drag_response_design_gate_rows_,src/ratewall/databook/table_io.py,9,14
ratewall_conventional_drag_response_execution_readiness_packet.csv,_write_rows,conventional_drag_response_execution_readiness_packet_rows_,src/ratewall/databook/table_io.py,9,14
ratewall_conventional_drag_route_pruning_audit.csv,_write_rows,conventional_drag_route_pruning_audit_rows_,src/ratewall/databook/table_io.py,9,14
ratewall_conventional_drag_source_design_gate.csv,_write_ratewall_conventional_drag_source_design_gate_table,conventional_drag_source_design_gate_rows,src/ratewall/databook/build_legacy.py,120026,120029
ratewall_conventional_drag_source_unit_aggregation_blocker_bridge.csv,_write_ratewall_conventional_drag_source_unit_aggregation_blocker_bridge_table,conventional_drag_source_unit_aggregation_blocker_bridge_rows,src/ratewall/databook/build_legacy.py,120794,120801
ratewall_corporate_net_interest_cashflow_bridge.csv,_write_ratewall_corporate_net_interest_cashflow_bridge_table,corporate_net_interest_cashflow_bridge_rows,src/ratewall/databook/build_legacy.py,121374,121377
ratewall_cre_maturity_refi_pressure_context.csv,_write_backend_expansion_artifact,,src/ratewall/databook/build_legacy.py,,
ratewall_cre_refinancing_public_context.csv,_write_ratewall_financialization_context_table,cre_refinancing_public_context_rows,src/ratewall/databook/build_legacy.py,121593,121596
ratewall_critical_beta_frontier.csv,_write_rows,critical_beta_frontier_rows_,src/ratewall/databook/table_io.py,9,14
ratewall_current_demand_gdp_share_panel.csv,_write_ratewall_current_demand_gdp_share_panel_table,current_demand_gdp_share_panel_rows,src/ratewall/databook/build_legacy.py,120584,120591
ratewall_current_demand_gdp_share_source_manifest.csv,_write_ratewall_current_demand_gdp_share_source_manifest_table,current_demand_gdp_share_source_manifest_rows,src/ratewall/databook/build_legacy.py,120574,120581
ratewall_databook_metrics.csv,_write_metric_table,,src/ratewall/databook/build_legacy.py,123075,123081
ratewall_dealer_inventory_carry_context.csv,_write_backend_expansion_artifact,,src/ratewall/databook/build_legacy.py,,
ratewall_denominator_aligned_response_panel_scaffold.csv,_write_ratewall_denominator_aligned_response_panel_scaffold_table,denominator_aligned_response_panel_scaffold_rows,src/ratewall/databook/build_legacy.py,120054,120061
ratewall_denominator_calibration_design_gate.csv,_write_ratewall_denominator_calibration_design_gate_table,denominator_calibration_design_gate_rows,src/ratewall/databook/build_legacy.py,121857,121860
ratewall_denominator_classifier_comparison.csv,_write_ratewall_denominator_classifier_comparison_table,denominator_classifier_comparison_rows,src/ratewall/databook/build_legacy.py,121563,121566
ratewall_denominator_cross_source_design_validation.csv,_write_ratewall_denominator_cross_source_design_validation_table,denominator_cross_source_design_validation_rows,src/ratewall/databook/build_legacy.py,120214,120221
ratewall_denominator_design_readiness_decision.csv,_write_ratewall_denominator_design_readiness_decision_table,denominator_design_readiness_decision_rows,src/ratewall/databook/build_legacy.py,120164,120171
ratewall_denominator_event_level_response_panel.csv,_write_ratewall_denominator_event_level_response_panel_table,denominator_event_level_response_panel_rows,src/ratewall/databook/build_legacy.py,120084,120091
ratewall_denominator_event_outcome_cell_diagnostic.csv,_write_ratewall_denominator_event_outcome_cell_diagnostic_table,denominator_event_outcome_cell_diagnostic_rows,src/ratewall/databook/build_legacy.py,120064,120071
ratewall_denominator_event_outcome_panel_value_diagnostic.csv,_write_ratewall_denominator_event_outcome_panel_value_diagnostic_table,denominator_event_outcome_panel_value_diagnostic_rows,src/ratewall/databook/build_legacy.py,120074,120081
ratewall_denominator_evidence_upgrade_blocker_resolution_matrix.csv,_write_ratewall_denominator_evidence_upgrade_blocker_resolution_matrix_table,denominator_evidence_upgrade_blocker_resolution_matrix_rows,src/ratewall/databook/build_legacy.py,120254,120261
ratewall_denominator_evidence_upgrade_blocker_status_rollup.csv,_write_ratewall_denominator_evidence_upgrade_blocker_status_rollup_table,denominator_evidence_upgrade_blocker_status_rollup_rows,src/ratewall/databook/build_legacy.py,120264,120271
ratewall_denominator_evidence_upgrade_priority_queue.csv,_write_ratewall_denominator_evidence_upgrade_priority_queue_table,denominator_evidence_upgrade_priority_queue_rows,src/ratewall/databook/build_legacy.py,120234,120241
ratewall_denominator_evidence_upgrade_source_design_requirement.csv,_write_ratewall_denominator_evidence_upgrade_source_design_requirement_table,denominator_evidence_upgrade_source_design_requirement_rows,src/ratewall/databook/build_legacy.py,120224,120231
ratewall_denominator_evidence_upgrade_tier1_workplan.csv,_write_ratewall_denominator_evidence_upgrade_tier1_workplan_table,denominator_evidence_upgrade_tier1_workplan_rows,src/ratewall/databook/build_legacy.py,120244,120251
ratewall_denominator_formal_design_gate.csv,_write_rows,denominator_formal_design_gate_rows_,src/ratewall/databook/table_io.py,9,14
ratewall_denominator_formal_design_test_result.csv,_write_ratewall_denominator_formal_design_test_result_table,denominator_formal_design_test_result_rows,src/ratewall/databook/build_legacy.py,120184,120191
ratewall_denominator_formal_design_test_result_scaffold.csv,_write_ratewall_denominator_formal_design_test_result_scaffold_table,denominator_formal_design_test_result_scaffold_rows,src/ratewall/databook/build_legacy.py,120174,120181
ratewall_denominator_horizon_sensitivity_diagnostic.csv,_write_ratewall_denominator_horizon_sensitivity_diagnostic_table,denominator_horizon_sensitivity_diagnostic_rows,src/ratewall/databook/build_legacy.py,120144,120151
ratewall_denominator_literature_matrix.csv,_write_ratewall_denominator_literature_matrix_table,denominator_literature_matrix_rows,src/ratewall/databook/spine_calibration.py,136,139
ratewall_denominator_methodology_registry.csv,_write_rows,,src/ratewall/databook/table_io.py,9,14
ratewall_denominator_outlier_window_robustness_diagnostic.csv,_write_ratewall_denominator_outlier_window_robustness_diagnostic_table,denominator_outlier_window_robustness_diagnostic_rows,src/ratewall/databook/build_legacy.py,120154,120161
ratewall_denominator_panel_design_test_diagnostic.csv,_write_ratewall_denominator_panel_design_test_diagnostic_table,denominator_panel_design_test_diagnostic_rows,src/ratewall/databook/build_legacy.py,120104,120111
ratewall_denominator_pretrend_placebo_diagnostic.csv,_write_ratewall_denominator_pretrend_placebo_diagnostic_table,denominator_pretrend_placebo_diagnostic_rows,src/ratewall/databook/build_legacy.py,120114,120121
ratewall_denominator_response_design_scaffold.csv,_write_ratewall_denominator_response_design_scaffold_table,denominator_response_design_scaffold_rows,src/ratewall/databook/build_legacy.py,120032,120035
ratewall_denominator_response_design_test_scaffold.csv,_write_ratewall_denominator_response_design_test_scaffold_table,denominator_response_design_test_scaffold_rows,src/ratewall/databook/build_legacy.py,120038,120045
ratewall_denominator_response_estimate_diagnostic.csv,_write_ratewall_denominator_response_estimate_diagnostic_table,denominator_response_estimate_diagnostic_rows,src/ratewall/databook/build_legacy.py,120194,120201
ratewall_denominator_response_estimate_registry.csv,_write_rows,denominator_response_estimate_registry_rows_,src/ratewall/databook/table_io.py,9,14
ratewall_denominator_response_gate_attempt.csv,_write_ratewall_denominator_response_gate_attempt_table,denominator_response_gate_attempt_rows,src/ratewall/databook/build_legacy.py,120048,120051
ratewall_denominator_scale_conflict_adjudication.csv,_write_rows,,src/ratewall/databook/table_io.py,9,14
ratewall_denominator_scale_conflict_followup_decision.csv,_write_rows,,src/ratewall/databook/table_io.py,9,14
ratewall_denominator_sensitivity.csv,_write_ratewall_denominator_sensitivity_table,denominator_sensitivity_rows_,src/ratewall/databook/spine_calibration.py,130,133
ratewall_denominator_shock_relevance_diagnostic.csv,_write_ratewall_denominator_shock_relevance_diagnostic_table,denominator_shock_relevance_diagnostic_rows,src/ratewall/databook/build_legacy.py,120124,120131
ratewall_denominator_sign_consistency_diagnostic.csv,_write_ratewall_denominator_sign_consistency_diagnostic_table,denominator_sign_consistency_diagnostic_rows,src/ratewall/databook/build_legacy.py,120134,120141
ratewall_denominator_uncertainty_pass_fail_review.csv,_write_ratewall_denominator_uncertainty_pass_fail_review_table,denominator_uncertainty_pass_fail_review_rows,src/ratewall/databook/build_legacy.py,120094,120101
ratewall_deposit_competition_conditioner.csv,_write_ratewall_financialization_context_table,deposit_competition_conditioner_rows,src/ratewall/databook/build_legacy.py,121593,121596
ratewall_deposit_mmf_substitution_surface.csv,_write_ratewall_financialization_context_table,deposit_mmf_substitution_surface_rows,src/ratewall/databook/build_legacy.py,121593,121596
ratewall_deposit_pass_through_dispersion_conditioner.csv,_write_backend_expansion_artifact,,src/ratewall/databook/build_legacy.py,,
ratewall_deposit_pricing_pass_through_context.csv,_write_deposit_pricing_pass_through_table,deposit_pricing_rows,src/ratewall/databook/build_legacy.py,119485,119488
ratewall_distance_to_wall_state_surface.csv,_write_rows,distance_to_wall_state_surface_rows_,src/ratewall/databook/table_io.py,9,14
ratewall_du_ru_tga_calibration_bridge.csv,_write_du_ru_tga_calibration_bridge_table,du_ru_bridge_rows,src/ratewall/databook/build_legacy.py,119515,119518
ratewall_dynamic_crossing_robustness.csv,_write_ratewall_dynamic_crossing_robustness_table,dynamic_crossing_robustness_rows,src/ratewall/databook/build_legacy.py,122035,122038
ratewall_dynamic_offset_ratio_path.csv,_write_ratewall_dynamic_offset_ratio_path_table,dynamic_offset_ratio_path_rows,src/ratewall/databook/build_legacy.py,122005,122008
ratewall_dynamic_scenario_family_registry.csv,_write_ratewall_dynamic_scenario_family_registry_table,dynamic_scenario_family_registry_rows,src/ratewall/databook/build_legacy.py,122023,122026
ratewall_dynamic_scenario_path_consistency_diagnostic.csv,_write_ratewall_dynamic_scenario_path_consistency_diagnostic_table,dynamic_scenario_path_consistency_diagnostic_rows,src/ratewall/databook/build_legacy.py,121995,122002
ratewall_dynamic_scenario_paths.csv,_write_ratewall_dynamic_scenario_paths_table,dynamic_scenario_path_rows,src/ratewall/databook/build_legacy.py,121909,121912
ratewall_dynamic_sensitivity_frontier.csv,_write_ratewall_dynamic_sensitivity_frontier_table,dynamic_sensitivity_frontier_rows,src/ratewall/databook/build_legacy.py,122017,122020
ratewall_dynamic_uncertainty_envelope.csv,_write_ratewall_dynamic_uncertainty_envelope_table,dynamic_uncertainty_envelope_rows,src/ratewall/databook/build_legacy.py,122029,122032
ratewall_equity_claim_status.csv,_write_ratewall_equity_claim_status_table,equity_claim_status_rows,src/ratewall/databook/build_legacy.py,121839,121842
ratewall_equity_evidence_workplan.csv,_write_ratewall_equity_evidence_workplan_table,equity_evidence_workplan_rows,src/ratewall/databook/build_legacy.py,121845,121848
ratewall_equity_exposure_matrix.csv,_write_ratewall_equity_exposure_matrix_table,equity_exposure_matrix_rows,src/ratewall/databook/build_legacy.py,121827,121830
ratewall_equity_sensitivity_diagnostic.csv,_write_ratewall_equity_sensitivity_diagnostic_table,equity_sensitivity_diagnostic_rows,src/ratewall/databook/build_legacy.py,121833,121836
ratewall_equity_transmission_channel_map.csv,_write_ratewall_equity_transmission_channel_map_table,equity_channel_map_rows,src/ratewall/databook/build_legacy.py,121821,121824
ratewall_estimation_target_registry.csv,_write_rows,estimation_target_registry_rows_,src/ratewall/databook/table_io.py,9,14
ratewall_fairparke_benchmark_mapping_contract.csv,_write_rows,,src/ratewall/databook/table_io.py,9,14
ratewall_fairparke_benchmark_run_inventory.csv,_write_rows,,src/ratewall/databook/table_io.py,9,14
ratewall_final_blocker_ledger.csv,_write_final_blocker_ledger_table,final_blocker_rows,src/ratewall/databook/build_legacy.py,119752,119753
ratewall_final_recipient_current_demand_bridge_attempt.csv,_write_rows,final_recipient_current_demand_bridge_attempt_rows_,src/ratewall/databook/table_io.py,9,14
ratewall_financialization_artifact_traceability_matrix.csv,_write_ratewall_financialization_artifact_traceability_matrix_table,financialization_artifact_traceability_matrix_rows,src/ratewall/databook/build_legacy.py,121599,121602
ratewall_financialization_double_count_audit.csv,_write_ratewall_financialization_double_count_audit_table,financialization_double_count_audit_rows,src/ratewall/databook/build_legacy.py,121815,121818
ratewall_financialization_expansion_avoidance_audit.csv,_write_backend_expansion_artifact,,src/ratewall/databook/build_legacy.py,,
ratewall_financialization_overlap_audit.csv,_write_ratewall_financialization_double_count_audit_table,financialization_overlap_audit_rows,src/ratewall/databook/build_legacy.py,121815,121818
ratewall_financialization_pressure.csv,_write_financialization_pressure_table,financialization_rows,src/ratewall/databook/build_legacy.py,119697,119700
ratewall_financialization_pressure_evidence_appendix.csv,_write_financialization_pressure_evidence_appendix_table,financialization_evidence_rows,src/ratewall/databook/build_legacy.py,119703,119706
ratewall_financialization_proxy_registry.csv,_write_ratewall_financialization_proxy_registry_table,financialization_proxy_registry_rows,src/ratewall/databook/build_legacy.py,121587,121590
ratewall_financialization_proxy_source_gate.csv,_write_ratewall_financialization_source_gate_table,financialization_source_gate_rows,src/ratewall/databook/build_legacy.py,121803,121806
ratewall_financialization_restricted_protocols.csv,_write_ratewall_financialization_restricted_protocols_table,financialization_restricted_protocols_rows,src/ratewall/databook/build_legacy.py,121809,121812
ratewall_financialization_source_gate.csv,_write_ratewall_financialization_source_gate_table,financialization_source_gate_rows,src/ratewall/databook/build_legacy.py,121803,121806
ratewall_financialized_balance_sheet_channel.csv,_write_ratewall_financialized_balance_sheet_channel_table,financialized_balance_sheet_channel_rows,src/ratewall/databook/build_legacy.py,121581,121584
ratewall_financialized_balance_sheet_evidence_gap.csv,_write_ratewall_financialized_balance_sheet_evidence_gap_table,financialized_balance_sheet_evidence_gap_rows,src/ratewall/databook/build_legacy.py,120008,120011
ratewall_firm_cash_debt_maturity_evidence_gap.csv,_write_ratewall_firm_cash_debt_maturity_evidence_gap_table,firm_cash_debt_maturity_evidence_gap_rows,src/ratewall/databook/build_legacy.py,120014,120017
ratewall_firm_debt_maturity_wall_context.csv,_write_backend_expansion_artifact,,src/ratewall/databook/build_legacy.py,,
ratewall_firm_interest_income_expense_balance_context.csv,_write_backend_expansion_artifact,,src/ratewall/databook/build_legacy.py,,
ratewall_firm_liquid_asset_cushion_panel.csv,_write_ratewall_financialization_context_table,firm_liquid_asset_cushion_panel_rows,src/ratewall/databook/build_legacy.py,121593,121596
ratewall_firm_liquid_asset_public_context.csv,_write_ratewall_financialization_context_table,firm_liquid_asset_public_context_rows,src/ratewall/databook/build_legacy.py,121593,121596
ratewall_firm_net_interest_cushion_context.csv,_write_ratewall_financialization_context_table,firm_net_interest_cushion_context_rows,src/ratewall/databook/build_legacy.py,121593,121596
ratewall_firm_rollover_pressure_panel.csv,_write_ratewall_financialization_context_table,firm_rollover_pressure_panel_rows,src/ratewall/databook/build_legacy.py,121593,121596
ratewall_firm_short_rate_exposure_proxy.csv,_write_ratewall_financialization_context_table,firm_short_rate_exposure_proxy_rows,src/ratewall/databook/build_legacy.py,121593,121596
ratewall_flow_stage_decomposition.csv,_write_ratewall_flow_stage_decomposition_table,flow_stage_decomposition_rows_,src/ratewall/databook/build_legacy.py,121386,121389
ratewall_forecast_assumption_bundle_registry.csv,_write_rows,forecast_assumption_bundle_registry_rows_,src/ratewall/databook/table_io.py,9,14
ratewall_forecast_assumption_calibration_registry.csv,_write_rows,forecast_assumption_calibration_registry_rows_,src/ratewall/databook/table_io.py,9,14
ratewall_forecast_bank_behavior_bridge_packet.csv,_write_rows,forecast_bank_behavior_bridge_packet_rows_,src/ratewall/databook/table_io.py,9,14
ratewall_forecast_bank_behavior_current_demand_evidence_contract.csv,_write_rows,forecast_bank_behavior_current_demand_evidence_contract_rows_,src/ratewall/databook/table_io.py,9,14
ratewall_forecast_bank_behavior_distribution_admission_candidate.csv,_write_rows,forecast_bank_behavior_distribution_admission_candidate_rows_,src/ratewall/databook/table_io.py,9,14
ratewall_forecast_bank_behavior_distribution_bridge.csv,_write_rows,forecast_bank_behavior_distribution_bridge_rows_,src/ratewall/databook/table_io.py,9,14
ratewall_forecast_bank_behavior_distribution_bridge_basis.csv,_write_rows,forecast_bank_behavior_distribution_bridge_basis_rows_,src/ratewall/databook/table_io.py,9,14
ratewall_forecast_bank_behavior_distribution_bridge_pass_review.csv,_write_rows,forecast_bank_behavior_distribution_bridge_pass_review_rows_,src/ratewall/databook/table_io.py,9,14
ratewall_forecast_bank_behavior_distribution_mapping_basis.csv,_write_rows,forecast_bank_behavior_distribution_mapping_basis_rows_,src/ratewall/databook/table_io.py,9,14
ratewall_forecast_bank_margin_sidecar_summary.csv,_write_rows,forecast_bank_margin_sidecar_summary_rows_,src/ratewall/databook/table_io.py,9,14
ratewall_forecast_channel_conversion_profile_registry.csv,_write_rows,forecast_channel_conversion_profile_registry_rows_,src/ratewall/databook/table_io.py,9,14
ratewall_forecast_holder_tdc_consistency_bridge.csv,_write_forecast_holder_tdc_consistency_bridge_table,forecast_holder_tdc_consistency_bridge_rows,src/ratewall/databook/spine_tdc.py,176,179
ratewall_forecast_incremental_path_ratio.csv,_write_rows,forecast_incremental_path_ratio_rows_,src/ratewall/databook/table_io.py,9,14
ratewall_forecast_incremental_path_ratio_frontier_summary.csv,_write_rows,forecast_incremental_path_ratio_frontier_summary_rows_,src/ratewall/databook/table_io.py,9,14
ratewall_forecast_incremental_path_ratio_tdc_comparison.csv,_write_rows,forecast_incremental_path_ratio_tdc_comparison_rows_,src/ratewall/databook/table_io.py,9,14
ratewall_forecast_path_ratio_consumer_driver_summary.csv,_write_rows,forecast_path_ratio_consumer_driver_summary_rows_,src/ratewall/databook/table_io.py,9,14
ratewall_forecast_path_ratio_consumer_interpretation_summary.csv,_write_rows,forecast_path_ratio_consumer_interpretation_summary_rows_,src/ratewall/databook/table_io.py,9,14
ratewall_forecast_path_ratio_consumer_ladder.csv,_write_rows,forecast_path_ratio_consumer_ladder_rows_,src/ratewall/databook/table_io.py,9,14
ratewall_forecast_path_ratio_decomposition.csv,_write_rows,forecast_path_ratio_decomposition_rows_,src/ratewall/databook/table_io.py,9,14
ratewall_forecast_path_ratio_driver_dominance_matrix.csv,_write_rows,forecast_path_ratio_driver_dominance_rows_,src/ratewall/databook/table_io.py,9,14
ratewall_forecast_path_ratio_driver_ranking.csv,_write_rows,forecast_path_ratio_driver_ranking_rows_,src/ratewall/databook/table_io.py,9,14
ratewall_forecast_path_ratio_evidence_dependency_matrix.csv,_write_rows,forecast_path_ratio_evidence_dependency_rows_,src/ratewall/databook/table_io.py,9,14
ratewall_forecast_path_ratio_evidence_targeting_registry.csv,_write_rows,forecast_path_ratio_evidence_targeting_rows_,src/ratewall/databook/table_io.py,9,14
ratewall_forecast_path_ratio_evidence_work_queue.csv,_write_rows,forecast_path_ratio_evidence_work_queue_rows_,src/ratewall/databook/table_io.py,9,14
ratewall_forecast_path_ratio_interpretation_registry.csv,_write_rows,forecast_path_ratio_interpretation_rows_,src/ratewall/databook/table_io.py,9,14
ratewall_forecast_path_ratio_numerator_boundary_registry.csv,_write_rows,forecast_path_ratio_numerator_boundary_rows_,src/ratewall/databook/table_io.py,9,14
ratewall_forecast_path_ratio_pass_through_comparison.csv,_write_rows,forecast_pass_through_comparison_rows_,src/ratewall/databook/table_io.py,9,14
ratewall_forecast_path_ratio_pass_through_consumer_interpretation_summary.csv,_write_rows,forecast_pass_through_consumer_interpretation_summary_rows_,src/ratewall/databook/table_io.py,9,14
ratewall_forecast_path_ratio_pass_through_consumer_ladder.csv,_write_rows,forecast_pass_through_consumer_ladder_rows_,src/ratewall/databook/table_io.py,9,14
ratewall_forecast_path_ratio_pass_through_delta_summary.csv,_write_rows,forecast_pass_through_delta_summary_rows_,src/ratewall/databook/table_io.py,9,14
ratewall_forecast_path_ratio_pass_through_dominance.csv,_write_rows,forecast_pass_through_dominance_rows_,src/ratewall/databook/table_io.py,9,14
ratewall_forecast_path_ratio_pass_through_scenario_axis.csv,_write_rows,forecast_pass_through_scenario_axis_rows_,src/ratewall/databook/table_io.py,9,14
ratewall_forecast_path_ratio_pass_through_scenario_frontier.csv,_write_rows,forecast_pass_through_scenario_frontier_rows_,src/ratewall/databook/table_io.py,9,14
ratewall_forecast_path_ratio_pass_through_scenario_registry.csv,_write_rows,forecast_pass_through_scenario_registry_rows_,src/ratewall/databook/table_io.py,9,14
ratewall_forecast_path_ratio_recipient_leakage_registry.csv,_write_rows,forecast_path_ratio_recipient_leakage_rows_,src/ratewall/databook/table_io.py,9,14
ratewall_forecast_path_ratio_scenario_frontier.csv,_write_rows,forecast_path_ratio_scenario_frontier_rows_,src/ratewall/databook/table_io.py,9,14
ratewall_forecast_path_ratio_scenario_registry.csv,_write_rows,forecast_path_ratio_scenario_registry_rows_,src/ratewall/databook/table_io.py,9,14
ratewall_forecast_path_ratio_sensitivity_summary.csv,_write_rows,forecast_path_ratio_sensitivity_summary_rows_,src/ratewall/databook/table_io.py,9,14
ratewall_forecast_path_ratio_source_specific_interpretation_registry.csv,_write_rows,forecast_path_ratio_source_specific_interpretation_rows_,src/ratewall/databook/table_io.py,9,14
ratewall_forecast_product_decision_casebook.csv,_write_rows,forecast_product_decision_casebook_rows_,src/ratewall/databook/table_io.py,9,14
ratewall_forecast_product_pass_through_frontier_crosswalk.csv,_write_rows,forecast_product_pass_through_frontier_crosswalk_rows_,src/ratewall/databook/table_io.py,9,14
ratewall_forecast_product_reviewer_decision_summary.csv,_write_rows,forecast_product_reviewer_decision_summary_rows_,src/ratewall/databook/table_io.py,9,14
ratewall_forecast_scenario_product_summary.csv,_write_rows,forecast_scenario_product_summary_rows_,src/ratewall/databook/table_io.py,9,14
ratewall_forecast_treasury_beneficial_owner_recipient_admission_candidate.csv,_write_rows,forecast_treasury_beneficial_owner_recipient_admission_candidate_rows_,src/ratewall/databook/table_io.py,9,14
ratewall_forecast_treasury_beneficial_owner_recipient_bridge.csv,_write_rows,forecast_treasury_beneficial_owner_recipient_bridge_rows_,src/ratewall/databook/table_io.py,9,14
ratewall_forecast_treasury_beneficial_owner_recipient_bridge_basis.csv,_write_rows,forecast_treasury_beneficial_owner_recipient_bridge_basis_rows_,src/ratewall/databook/table_io.py,9,14
ratewall_forecast_treasury_beneficial_owner_recipient_bridge_pass_review.csv,_write_rows,forecast_treasury_beneficial_owner_recipient_bridge_pass_review_rows_,src/ratewall/databook/table_io.py,9,14
ratewall_forecast_treasury_beneficial_owner_recipient_mapping_basis.csv,_write_rows,forecast_treasury_beneficial_owner_recipient_mapping_basis_rows_,src/ratewall/databook/table_io.py,9,14
ratewall_forecast_treasury_recipient_best_proxy_admission_review.csv,_write_rows,forecast_treasury_recipient_best_proxy_admission_review_rows_,src/ratewall/databook/table_io.py,9,14
ratewall_forecast_treasury_recipient_best_proxy_basis.csv,_write_rows,forecast_treasury_recipient_best_proxy_basis_rows_,src/ratewall/databook/table_io.py,9,14
ratewall_forecast_treasury_recipient_best_proxy_calculation_scaffold.csv,_write_rows,forecast_treasury_recipient_best_proxy_calculation_scaffold_rows_,src/ratewall/databook/table_io.py,9,14
ratewall_forecast_treasury_recipient_best_proxy_gate_review.csv,_write_rows,forecast_treasury_recipient_best_proxy_gate_review_rows_,src/ratewall/databook/table_io.py,9,14
ratewall_forecast_treasury_recipient_bridge_packet.csv,_write_rows,forecast_treasury_recipient_bridge_packet_rows_,src/ratewall/databook/table_io.py,9,14
ratewall_forecast_treasury_recipient_calibration_comparison.csv,_write_rows,forecast_treasury_recipient_calibration_comparison_rows_,src/ratewall/databook/table_io.py,9,14
ratewall_forecast_treasury_recipient_calibration_consumer_summary.csv,_write_rows,forecast_treasury_recipient_calibration_consumer_summary_rows_,src/ratewall/databook/table_io.py,9,14
ratewall_forecast_treasury_recipient_calibration_product_summary.csv,_write_rows,forecast_treasury_recipient_calibration_product_summary_rows_,src/ratewall/databook/table_io.py,9,14
ratewall_forecast_treasury_recipient_calibration_registry.csv,_write_rows,forecast_treasury_recipient_calibration_registry_rows_,src/ratewall/databook/table_io.py,9,14
ratewall_forecast_treasury_recipient_current_demand_evidence_contract.csv,_write_rows,forecast_treasury_recipient_current_demand_evidence_contract_rows_,src/ratewall/databook/table_io.py,9,14
ratewall_forecast_treasury_recipient_domestic_nonbank_route_proxy.csv,_write_rows,forecast_treasury_recipient_domestic_nonbank_route_proxy_rows_,src/ratewall/databook/table_io.py,9,14
ratewall_forecast_treasury_recipient_source_targeting_matrix.csv,_write_rows,forecast_treasury_recipient_source_targeting_matrix_rows_,src/ratewall/databook/table_io.py,9,14
ratewall_foreign_holder_interest_leakage_context.csv,_write_backend_expansion_artifact,,src/ratewall/databook/build_legacy.py,,
ratewall_frbus_100bp_year_fspdp_proxy_benchmark.csv,_write_rows,,src/ratewall/databook/table_io.py,9,14
ratewall_frbus_benchmark_comparison_mapping_contract.csv,_write_ratewall_frbus_benchmark_comparison_mapping_contract_table,frbus_benchmark_comparison_mapping_contract_rows,src/ratewall/databook/build_legacy.py,120774,120781
ratewall_frbus_benchmark_output_slot_extension_review.csv,_write_ratewall_frbus_benchmark_output_slot_extension_review_table,frbus_benchmark_output_slot_extension_review_rows,src/ratewall/databook/build_legacy.py,120784,120791
ratewall_frbus_conventional_drag_benchmark_protocol.csv,_write_ratewall_frbus_conventional_drag_benchmark_protocol_table,frbus_conventional_drag_benchmark_protocol_rows,src/ratewall/databook/build_legacy.py,120732,120739
ratewall_frbus_model_benchmark_simulation_readiness.csv,_write_ratewall_frbus_model_benchmark_simulation_readiness_table,frbus_model_benchmark_simulation_readiness_rows,src/ratewall/databook/build_legacy.py,120724,120729
ratewall_frbus_official_model_benchmark_simulation_protocol.csv,_write_ratewall_frbus_official_model_benchmark_simulation_protocol_table,frbus_official_model_benchmark_simulation_protocol_rows,src/ratewall/databook/build_legacy.py,120752,120759
ratewall_frbus_official_model_package_inventory.csv,_write_ratewall_frbus_official_model_package_inventory_table,frbus_official_model_package_inventory_rows,src/ratewall/databook/build_legacy.py,120742,120749
ratewall_frbus_runtime_runner_output_slots.csv,_write_ratewall_frbus_runtime_runner_output_slots_table,frbus_runtime_runner_output_slots_rows,src/ratewall/databook/build_legacy.py,120768,120771
ratewall_frbus_runtime_runner_preflight.csv,_write_ratewall_frbus_runtime_runner_preflight_table,frbus_runtime_runner_preflight_rows,src/ratewall/databook/build_legacy.py,120762,120765
ratewall_frontier_driver_ranking.csv,_write_ratewall_frontier_driver_ranking_table,frontier_driver_rows,src/ratewall/databook/build_legacy.py,121436,121439
ratewall_frontier_summary.csv,_write_ratewall_frontier_summary_table,frontier_summary_rows_,src/ratewall/databook/build_legacy.py,121875,121878
ratewall_generated_text_claim_boundary_scan.csv,_write_ratewall_generated_text_claim_boundary_scan_table,generated_text_claim_boundary_scan_rows_,src/ratewall/databook/build_legacy.py,121787,121790
ratewall_gross_interest_subchannels.csv,_write_ratewall_gross_interest_subchannels_table,gross_interest_subchannel_rows_,src/ratewall/databook/build_legacy.py,121392,121395
ratewall_h4_empirical_validation_registry.csv,_write_rows,,src/ratewall/databook/table_io.py,9,14
ratewall_high_priority_interest_channel_source_bridge.csv,_write_ratewall_high_priority_interest_channel_source_bridge_table,high_priority_interest_channel_source_bridge_rows,src/ratewall/databook/build_legacy.py,121304,121311
ratewall_higher_rate_channel_registry.csv,_write_ratewall_higher_rate_channel_registry_table,higher_rate_channel_registry_rows,src/ratewall/databook/build_legacy.py,121368,121371
ratewall_historical_assumption_mode_tdc_wall_ratio_path.csv,_write_historical_assumption_mode_tdc_wall_ratio_path_table,historical_assumption_mode_tdc_wall_ratio_path_rows,src/ratewall/databook/build_legacy.py,119557,119560
ratewall_historical_assumption_mode_wall_ratio_path.csv,_write_historical_assumption_mode_wall_ratio_path_table,historical_assumption_mode_wall_ratio_path_rows,src/ratewall/databook/build_legacy.py,119850,119853
ratewall_historical_closest_approach_clean.csv,_write_rows,historical_closest_approach_clean_rows_,src/ratewall/databook/table_io.py,9,14
ratewall_historical_forecast_wall_ratio_comparison_matrix.csv,_write_rows,historical_forecast_wall_ratio_comparison_matrix_rows_,src/ratewall/databook/table_io.py,9,14
ratewall_historical_incremental_path_ratio.csv,_write_rows,historical_incremental_path_ratio_rows_,src/ratewall/databook/table_io.py,9,14
ratewall_historical_incremental_path_ratio_frontier_summary.csv,_write_rows,historical_incremental_path_ratio_frontier_summary_rows_,src/ratewall/databook/table_io.py,9,14
ratewall_historical_incremental_path_ratio_tdc_comparison.csv,_write_rows,historical_incremental_path_ratio_tdc_comparison_rows_,src/ratewall/databook/table_io.py,9,14
ratewall_historical_interpretation_audit.csv,_write_rows,historical_interpretation_audit_rows_,src/ratewall/databook/table_io.py,9,14
ratewall_historical_iorb_demand_proxy_path.csv,_write_historical_iorb_demand_proxy_path_table,historical_iorb_demand_proxy_path_rows,src/ratewall/databook/build_legacy.py,119838,119841
ratewall_historical_tdc_admission_candidate_matrix.csv,_write_rows,historical_tdc_admission_candidate_matrix_rows_,src/ratewall/databook/table_io.py,9,14
ratewall_historical_tdc_admission_feasibility_summary.csv,_write_rows,historical_tdc_admission_feasibility_summary_rows_,src/ratewall/databook/table_io.py,9,14
ratewall_historical_tdc_bridge_candidate_priority_queue.csv,_write_rows,historical_tdc_bridge_candidate_priority_queue_rows_,src/ratewall/databook/table_io.py,9,14
ratewall_historical_tdc_bridge_implementation_prep.csv,_write_rows,historical_tdc_bridge_implementation_prep_rows_,src/ratewall/databook/table_io.py,9,14
ratewall_historical_tdc_component_gap_registry.csv,_write_rows,historical_tdc_component_gap_registry_rows_,src/ratewall/databook/table_io.py,9,14
ratewall_historical_tdc_du_ru_methodology_panel.csv,_write_rows,historical_tdc_du_ru_methodology_panel_rows_,src/ratewall/databook/table_io.py,9,14
ratewall_historical_tdc_du_ru_sensitive_panel_blocker_registry.csv,_write_rows,historical_tdc_du_ru_sensitive_panel_blocker_rows_,src/ratewall/databook/table_io.py,9,14
ratewall_historical_tdc_exact_du_ru_closure_contract.csv,_write_rows,historical_tdc_exact_du_ru_closure_contract_rows_,src/ratewall/databook/table_io.py,9,14
ratewall_historical_tdc_overlap_identity_closure_contract.csv,_write_rows,historical_tdc_overlap_identity_closure_contract_rows_,src/ratewall/databook/table_io.py,9,14
ratewall_historical_tdc_path_admission.csv,_write_rows,historical_tdc_path_admission_rows_,src/ratewall/databook/table_io.py,9,14
ratewall_historical_tdc_post_bridge_admission_status.csv,_write_rows,historical_tdc_post_bridge_admission_status_rows_,src/ratewall/databook/table_io.py,9,14
ratewall_historical_tdc_post_bridge_blocker_queue.csv,_write_rows,historical_tdc_post_bridge_blocker_queue_rows_,src/ratewall/databook/table_io.py,9,14
ratewall_historical_tdc_primary_bridge_target_registry.csv,_write_rows,historical_tdc_primary_bridge_target_registry_rows_,src/ratewall/databook/table_io.py,9,14
ratewall_historical_tdc_selected_series_bridge_alignment.csv,_write_rows,historical_tdc_selected_series_bridge_alignment_rows_,src/ratewall/databook/table_io.py,9,14
ratewall_historical_tdc_selected_series_bridge_execution.csv,_write_rows,historical_tdc_selected_series_bridge_execution_rows_,src/ratewall/databook/table_io.py,9,14
ratewall_historical_tdc_selected_series_bridge_remediation_matrix.csv,_write_rows,historical_tdc_selected_series_bridge_remediation_rows_,src/ratewall/databook/table_io.py,9,14
ratewall_historical_tdc_selected_series_primary_target_mapping_plan.csv,_write_rows,historical_tdc_selected_series_primary_target_mapping_plan_rows_,src/ratewall/databook/table_io.py,9,14
ratewall_historical_tdc_source_admission_targeting.csv,_write_rows,historical_tdc_source_admission_targeting_rows_,src/ratewall/databook/table_io.py,9,14
ratewall_historical_tdc_source_backed_companion_candidate.csv,_write_rows,historical_tdc_source_backed_companion_candidate_rows_,src/ratewall/databook/table_io.py,9,14
ratewall_historical_tdc_source_backed_only_eligibility.csv,_write_rows,historical_tdc_source_backed_only_eligibility_rows_,src/ratewall/databook/table_io.py,9,14
ratewall_historical_tdc_source_hardening_audit.csv,_write_rows,historical_tdc_source_hardening_audit_rows_,src/ratewall/databook/table_io.py,9,14
ratewall_historical_tdc_source_work_queue.csv,_write_rows,historical_tdc_source_work_queue_rows_,src/ratewall/databook/table_io.py,9,14
ratewall_historical_tdc_wall_ratio_path.csv,_write_historical_tdc_wall_ratio_path_table,historical_tdc_wall_ratio_path_rows,src/ratewall/databook/build_legacy.py,119551,119554
ratewall_historical_threshold_validation.csv,_write_historical_threshold_validation_table,historical_threshold_validation_rows,src/ratewall/databook/build_legacy.py,119733,119736
ratewall_historical_wall_ratio_path.csv,_write_historical_wall_ratio_path_table,historical_wall_ratio_path_rows,src/ratewall/databook/build_legacy.py,119844,119847
ratewall_hit_fragility_frontier.csv,_write_ratewall_hit_fragility_frontier_table,hit_fragility_frontier_rows_,src/ratewall/databook/build_legacy.py,121430,121433
ratewall_household_borrower_fragility_context.csv,_write_ratewall_financialization_context_table,household_borrower_fragility_context_rows,src/ratewall/databook/build_legacy.py,121593,121596
ratewall_household_safe_asset_access_context.csv,_write_ratewall_financialization_context_table,household_safe_asset_access_context_rows,src/ratewall/databook/build_legacy.py,121593,121596
ratewall_household_safe_asset_capture_proxy.csv,_write_ratewall_financialization_context_table,household_safe_asset_capture_proxy_rows,src/ratewall/databook/build_legacy.py,121593,121596
ratewall_household_safe_asset_exposure_panel.csv,_write_ratewall_financialization_context_table,household_safe_asset_exposure_panel_rows,src/ratewall/databook/build_legacy.py,121593,121596
ratewall_household_within_distribution_safe_asset_capture_context.csv,_write_backend_expansion_artifact,,src/ratewall/databook/build_legacy.py,,
ratewall_housing_lockin_cashflow_context.csv,_write_backend_expansion_artifact,,src/ratewall/databook/build_legacy.py,,
ratewall_hqm_borrowing_cost_object_comparator.csv,_write_rows,hqm_borrowing_cost_object_comparator_rows,src/ratewall/databook/table_io.py,9,14
ratewall_hqm_current_demand_bridge_gate.csv,_write_rows,hqm_current_demand_bridge_gate_rows,src/ratewall/databook/table_io.py,9,14
ratewall_hqm_denominator_mapping_gate.csv,_write_rows,hqm_denominator_mapping_gate_rows,src/ratewall/databook/table_io.py,9,14
ratewall_hqm_event_outcome_panel_values.csv,_write_rows,hqm_event_outcome_panel_value_rows,src/ratewall/databook/table_io.py,9,14
ratewall_hqm_event_window_feasibility.csv,_write_rows,hqm_event_window_feasibility_rows,src/ratewall/databook/table_io.py,9,14
ratewall_hqm_formal_diagnostic_gate.csv,_write_rows,hqm_formal_diagnostic_gate_rows,src/ratewall/databook/table_io.py,9,14
ratewall_hqm_policy_path_exposure_admission.csv,_write_rows,hqm_policy_path_exposure_admission_rows,src/ratewall/databook/table_io.py,9,14
ratewall_hqm_policy_path_protocol_dependency_gate.csv,_write_rows,hqm_policy_path_protocol_dependency_gate_rows,src/ratewall/databook/table_io.py,9,14
ratewall_hqm_promotion_protocol_gate.csv,_write_rows,hqm_promotion_protocol_gate_rows,src/ratewall/databook/table_io.py,9,14
ratewall_hqm_public_fallback_response_result.csv,_write_rows,hqm_public_fallback_response_result_rows,src/ratewall/databook/table_io.py,9,14
ratewall_hqm_source_proxy_lane_review.csv,_write_rows,hqm_source_proxy_lane_review_rows,src/ratewall/databook/table_io.py,9,14
ratewall_insurance_pension_asset_liability_context.csv,_write_backend_expansion_artifact,,src/ratewall/databook/build_legacy.py,,
ratewall_interest_channel_completion_matrix.csv,_write_ratewall_interest_channel_completion_matrix_table,interest_channel_completion_matrix_rows,src/ratewall/databook/build_legacy.py,121270,121273
ratewall_interest_channel_evidence_upgrade_queue.csv,_write_ratewall_interest_channel_evidence_upgrade_queue_table,interest_channel_evidence_upgrade_queue_rows,src/ratewall/databook/build_legacy.py,121298,121301
ratewall_interest_channel_horizon_timing_matrix.csv,_write_ratewall_interest_channel_horizon_timing_matrix_table,interest_channel_horizon_timing_matrix_rows,src/ratewall/databook/build_legacy.py,121286,121289
ratewall_interest_channel_module_registry.csv,_write_ratewall_interest_channel_module_registry_table,interest_channel_module_registry_rows,src/ratewall/databook/build_legacy.py,121362,121365
ratewall_interest_channel_promotion_gate.csv,_write_ratewall_interest_channel_promotion_gate_table,interest_channel_promotion_gate_rows,src/ratewall/databook/build_legacy.py,121292,121295
ratewall_interest_income_claim_boundary_audit.csv,_write_interest_income_claim_boundary_audit_table,interest_income_claim_boundary_audit_rows,src/ratewall/databook/build_legacy.py,119826,119829
ratewall_interest_income_mpc_calibration_registry.csv,_write_interest_income_mpc_calibration_registry_table,interest_income_mpc_calibration_registry_rows,src/ratewall/databook/build_legacy.py,119808,119811
ratewall_interest_income_proxy_range_registry.csv,_write_interest_income_proxy_range_registry_table,interest_income_proxy_range_registry_rows,src/ratewall/databook/build_legacy.py,119820,119823
ratewall_interest_income_public_proxy_catalog.csv,_write_interest_income_public_proxy_catalog_table,interest_income_public_proxy_catalog_rows,src/ratewall/databook/build_legacy.py,119814,119817
ratewall_interest_recipient_leakage_bridge.csv,_write_ratewall_interest_recipient_leakage_bridge_table,interest_recipient_leakage_bridge_rows,src/ratewall/databook/build_legacy.py,119958,119961
ratewall_interest_recipient_leakage_evidence_gap.csv,_write_ratewall_interest_recipient_leakage_evidence_gap_table,interest_recipient_leakage_evidence_gap_rows,src/ratewall/databook/build_legacy.py,119964,119971
ratewall_joint_wall_probability_axis_registry.csv,_write_rows,joint_wall_probability_axis_registry_rows_,src/ratewall/databook/table_io.py,9,14
ratewall_joint_wall_probability_summary.csv,_write_rows,joint_wall_probability_summary_rows_,src/ratewall/databook/table_io.py,9,14
ratewall_joint_wall_probability_surface.csv,_write_rows,joint_wall_probability_surface_rows_,src/ratewall/databook/table_io.py,9,14
ratewall_local_lp_proxy_svar_diagnostic_run_packet.csv,_write_rows,local_lp_proxy_svar_diagnostic_run_packet_rows_,src/ratewall/databook/table_io.py,9,14
ratewall_local_lp_proxy_svar_execution_preflight_results.csv,_write_rows,local_lp_proxy_svar_execution_preflight_results_rows_,src/ratewall/databook/table_io.py,9,14
ratewall_local_lp_proxy_svar_route_closure_decision.csv,_write_rows,local_lp_proxy_svar_route_closure_decision_rows_,src/ratewall/databook/table_io.py,9,14
ratewall_minimum_conditions_to_hit_wall.csv,_write_ratewall_minimum_conditions_to_hit_wall_table,minimum_conditions_rows,src/ratewall/databook/spine_scenarios.py,263,266
ratewall_model_adequacy_matrix.csv,_write_ratewall_model_adequacy_matrix_table,model_adequacy_rows,src/ratewall/databook/build_legacy.py,121903,121906
ratewall_mspd_table3_bucket_repricing_gate.csv,_write_ratewall_mspd_table3_bucket_repricing_gate_table,mspd_table3_bucket_repricing_gate_rows,src/ratewall/databook/build_legacy.py,119946,119949
ratewall_net_countervailing_channels.csv,_write_ratewall_net_countervailing_channels_table,net_countervailing_channel_rows_,src/ratewall/databook/build_legacy.py,121404,121407
ratewall_noncanonical_current_demand_consumer_endpoint_decision.csv,_write_rows,,src/ratewall/databook/table_io.py,9,14
ratewall_noncanonical_current_demand_source_timing_contract.csv,_write_rows,,src/ratewall/databook/table_io.py,9,14
ratewall_noncanonical_current_demand_support_ratio_consumer.csv,_write_rows,,src/ratewall/databook/table_io.py,9,14
ratewall_offset_decomposition.csv,_write_ratewall_offset_decomposition_table,offset_decomposition_rows,src/ratewall/databook/build_legacy.py,119908,119911
ratewall_openicpsr_replication_package_source_manifest.csv,_write_ratewall_openicpsr_replication_package_source_manifest_table,openicpsr_replication_package_source_manifest_rows,src/ratewall/databook/build_legacy.py,120716,120721
ratewall_paper_canonical_scenario_results.csv,_write_ratewall_paper_canonical_scenario_results_table,paper_canonical_scenario_results_rows,src/ratewall/databook/spine_scenarios.py,269,272
ratewall_paper_channel_map.csv,_write_ratewall_paper_channel_map_table,paper_channel_map_rows,src/ratewall/databook/build_legacy.py,121466,121469
ratewall_paper_core_results_index.csv,_write_rows,paper_core_results_index_rows_,src/ratewall/databook/table_io.py,9,14
ratewall_paper_disabled_claims_appendix.csv,_write_ratewall_paper_disabled_claims_appendix_table,paper_disabled_claims_appendix_rows,src/ratewall/databook/build_legacy.py,121491,121494
ratewall_paper_dynamic_scenario_summary.csv,_write_ratewall_paper_dynamic_scenario_summary_table,paper_dynamic_scenario_summary_rows,src/ratewall/databook/build_legacy.py,121521,121524
ratewall_paper_financialization_interpretation.csv,_write_ratewall_paper_financialization_interpretation_table,paper_financialization_interpretation_rows,src/ratewall/databook/build_legacy.py,121497,121500
ratewall_paper_parameter_justification.csv,_write_ratewall_paper_parameter_justification_table,paper_parameter_justification_rows,src/ratewall/databook/build_legacy.py,121479,121482
ratewall_paper_scenario_accounting_bridge.csv,_write_ratewall_paper_scenario_accounting_bridge_table,paper_scenario_accounting_bridge_rows,src/ratewall/databook/build_legacy.py,121515,121518
ratewall_paper_sensitivity_summary.csv,_write_ratewall_paper_sensitivity_summary_table,paper_sensitivity_summary_rows,src/ratewall/databook/build_legacy.py,121485,121488
ratewall_paper_support_invariant_audit.csv,_write_ratewall_paper_support_invariant_audit_table,paper_support_invariant_audit_rows,src/ratewall/databook/build_legacy.py,121503,121506
ratewall_paper_tdc_dynamic_contribution.csv,_write_ratewall_paper_tdc_dynamic_contribution_table,paper_tdc_dynamic_contribution_rows,src/ratewall/databook/build_legacy.py,121473,121476
ratewall_parameter_frontier.csv,_write_ratewall_parameter_frontier_table,parameter_frontier_rows,src/ratewall/databook/build_legacy.py,121423,121426
ratewall_parameter_packs.csv,_write_ratewall_parameter_packs_table,parameter_pack_rows_,src/ratewall/databook/spine_calibration.py,142,145
ratewall_path_ratio_denominator_v1.csv,_write_rows,path_ratio_denominator_v1_rows_,src/ratewall/databook/table_io.py,9,14
ratewall_path_ratio_numerator_ledger.csv,_write_rows,path_ratio_numerator_ledger_rows_,src/ratewall/databook/table_io.py,9,14
ratewall_path_ratio_numerator_reconciliation_audit.csv,_write_rows,path_ratio_numerator_reconciliation_audit_rows_,src/ratewall/databook/table_io.py,9,14
ratewall_path_ratio_tdc_adjustment_layer.csv,_write_rows,path_ratio_tdc_adjustment_rows_,src/ratewall/databook/table_io.py,9,14
ratewall_pce_dpi_source_refresh_contract.csv,_write_ratewall_pce_dpi_source_refresh_contract_table,pce_dpi_source_refresh_contract_rows,src/ratewall/databook/build_legacy.py,120856,120859
ratewall_personal_net_interest_position_context.csv,_write_ratewall_financialization_context_table,personal_net_interest_position_context_rows,src/ratewall/databook/build_legacy.py,121593,121596
ratewall_policy_boundary_synthesis.csv,_write_policy_boundary_synthesis_table,policy_boundary_rows,src/ratewall/databook/build_legacy.py,119739,119742
ratewall_policy_path_100bp_year_blocker_action_resolution.csv,_write_rows,policy_path_100bp_year_blocker_action_resolution_rows_,src/ratewall/databook/table_io.py,9,14
ratewall_policy_path_authored_fail_closed_invariant_design.csv,_write_rows,policy_path_authored_fail_closed_invariant_design_rows_,src/ratewall/databook/table_io.py,9,14
ratewall_policy_path_authored_protocol_completion_audit.csv,_write_rows,policy_path_authored_protocol_completion_audit_rows_,src/ratewall/databook/table_io.py,9,14
ratewall_policy_path_bps_year_blocker_decision.csv,_write_ratewall_policy_path_bps_year_blocker_decision_table,policy_path_bps_year_blocker_decision_rows,src/ratewall/databook/build_legacy.py,120928,120931
ratewall_policy_path_bps_year_blocker_decision_audit.csv,_write_ratewall_policy_path_bps_year_blocker_decision_audit_table,policy_path_bps_year_blocker_decision_audit_rows,src/ratewall/databook/build_legacy.py,120934,120939
ratewall_policy_path_bps_year_candidate_path_design_contract.csv,_write_ratewall_policy_path_bps_year_candidate_path_design_contract_table,policy_path_bps_year_candidate_path_design_contract_rows,src/ratewall/databook/build_legacy.py,121076,121083
ratewall_policy_path_bps_year_normalization_review.csv,_write_ratewall_policy_path_bps_year_normalization_review_table,policy_path_bps_year_normalization_review_rows,src/ratewall/databook/build_legacy.py,120984,120987
ratewall_policy_path_bps_year_protocol_closure.csv,_write_ratewall_policy_path_bps_year_protocol_closure_table,policy_path_bps_year_protocol_closure_rows,src/ratewall/databook/build_legacy.py,121000,121003
ratewall_policy_path_bps_year_source_protocol.csv,_write_ratewall_policy_path_bps_year_source_protocol_table,policy_path_bps_year_source_protocol_rows,src/ratewall/databook/build_legacy.py,120972,120975
ratewall_policy_path_component_gate_execution_rollup.csv,_write_rows,policy_path_component_gate_execution_rollup_rows_,src/ratewall/databook/table_io.py,9,14
ratewall_policy_path_contract_interval_source_review.csv,_write_ratewall_policy_path_contract_interval_source_review_table,policy_path_contract_interval_source_review_rows,src/ratewall/databook/build_legacy.py,120956,120961
ratewall_policy_path_contract_spec_acquisition_blocker.csv,_write_ratewall_policy_path_contract_spec_acquisition_blocker_table,policy_path_contract_spec_acquisition_blocker_rows,src/ratewall/databook/build_legacy.py,120964,120969
ratewall_policy_path_current_artifact_manual_review_execution_packet.csv,_write_rows,policy_path_current_artifact_manual_review_execution_packet_rows_,src/ratewall/databook/table_io.py,9,14
ratewall_policy_path_current_artifact_manual_review_result_attempt.csv,_write_rows,policy_path_current_artifact_manual_review_result_attempt_rows_,src/ratewall/databook/table_io.py,9,14
ratewall_policy_path_deeper_parse_execution_review.csv,_write_ratewall_policy_path_deeper_parse_execution_review_table,policy_path_deeper_parse_execution_review_rows,src/ratewall/databook/build_legacy.py,121146,121153
ratewall_policy_path_downloaded_artifact_locator_parse_adjudication_packet.csv,_write_rows,policy_path_downloaded_artifact_locator_parse_adjudication_packet_rows_,src/ratewall/databook/table_io.py,9,14
ratewall_policy_path_event_level_candidate_vector.csv,_write_ratewall_policy_path_event_level_candidate_vector_table,policy_path_event_level_candidate_vector_rows,src/ratewall/databook/build_legacy.py,120942,120945
ratewall_policy_path_event_level_candidate_vector_audit.csv,_write_ratewall_policy_path_event_level_candidate_vector_audit_table,policy_path_event_level_candidate_vector_audit_rows,src/ratewall/databook/build_legacy.py,120948,120953
ratewall_policy_path_exact_locator_field_closure_diagnostic.csv,_write_ratewall_policy_path_exact_locator_field_closure_diagnostic_table,policy_path_exact_locator_field_closure_diagnostic_rows,src/ratewall/databook/build_legacy.py,121216,121223
ratewall_policy_path_exact_locator_pass_rule_adjudication.csv,_write_ratewall_policy_path_exact_locator_pass_rule_adjudication_table,policy_path_exact_locator_pass_rule_adjudication_rows,src/ratewall/databook/build_legacy.py,121226,121233
ratewall_policy_path_exact_source_locator_remediation.csv,_write_ratewall_policy_path_exact_source_locator_remediation_table,policy_path_exact_source_locator_remediation_rows,src/ratewall/databook/build_legacy.py,121206,121213
ratewall_policy_path_exposure_vector_design_gate.csv,_write_ratewall_policy_path_exposure_vector_design_gate_table,policy_path_exposure_vector_design_gate_rows,src/ratewall/databook/build_legacy.py,120872,120875
ratewall_policy_path_field_evidence_resolution_queue.csv,_write_ratewall_policy_path_field_evidence_resolution_queue_table,policy_path_field_evidence_resolution_queue_rows,src/ratewall/databook/build_legacy.py,121246,121253
ratewall_policy_path_field_specific_pass_rule_design.csv,_write_rows,policy_path_field_specific_pass_rule_design_rows_,src/ratewall/databook/table_io.py,9,14
ratewall_policy_path_field_specific_source_evidence_audit.csv,_write_rows,policy_path_field_specific_source_evidence_audit_rows_,src/ratewall/databook/table_io.py,9,14
ratewall_policy_path_formula_replication_source_review.csv,_write_ratewall_policy_path_formula_replication_source_review_table,policy_path_formula_replication_source_review_rows,src/ratewall/databook/build_legacy.py,121086,121093
ratewall_policy_path_full_protocol_admission_gate_summary.csv,_write_rows,policy_path_full_protocol_admission_gate_summary_rows_,src/ratewall/databook/table_io.py,9,14
ratewall_policy_path_independent_replication_target_design.csv,_write_rows,policy_path_independent_replication_target_design_rows_,src/ratewall/databook/table_io.py,9,14
ratewall_policy_path_locator_binding_closure_diagnostic.csv,_write_rows,policy_path_locator_binding_closure_diagnostic_rows_,src/ratewall/databook/table_io.py,9,14
ratewall_policy_path_locator_candidate_pass_rule_review_decision_packet.csv,_write_rows,policy_path_locator_candidate_pass_rule_review_decision_packet_rows_,src/ratewall/databook/table_io.py,9,14
ratewall_policy_path_mps_scalar_replication_audit.csv,_write_ratewall_policy_path_mps_scalar_replication_audit_table,policy_path_mps_scalar_replication_audit_rows,src/ratewall/databook/build_legacy.py,120922,120925
ratewall_policy_path_mps_scalar_replication_diagnostic.csv,_write_ratewall_policy_path_mps_scalar_replication_diagnostic_table,policy_path_mps_scalar_replication_diagnostic_rows,src/ratewall/databook/build_legacy.py,120914,120919
ratewall_policy_path_normalization_leak_audit.csv,_write_ratewall_policy_path_normalization_leak_audit_table,policy_path_normalization_leak_audit_rows,src/ratewall/databook/build_legacy.py,121256,121259
ratewall_policy_path_normalization_source_manifest.csv,_write_ratewall_policy_path_normalization_source_manifest_table,policy_path_normalization_source_manifest_rows,src/ratewall/databook/build_legacy.py,120978,120981
ratewall_policy_path_project_authored_bps_year_event_exposure.csv,_write_rows,policy_path_project_authored_bps_year_event_exposure_rows_,src/ratewall/databook/table_io.py,9,14
ratewall_policy_path_project_authored_bps_year_exposure_admission_consumer.csv,_write_rows,policy_path_project_authored_bps_year_exposure_admission_consumer_rows_,src/ratewall/databook/table_io.py,9,14
ratewall_policy_path_project_authored_bps_year_protocol_contract.csv,_write_rows,policy_path_project_authored_bps_year_protocol_contract_rows_,src/ratewall/databook/table_io.py,9,14
ratewall_policy_path_project_authored_bps_year_replication_protocol.csv,_write_rows,policy_path_project_authored_bps_year_replication_protocol_rows_,src/ratewall/databook/table_io.py,9,14
ratewall_policy_path_project_authored_bps_year_source_input_contract.csv,_write_rows,policy_path_project_authored_bps_year_source_input_contract_rows_,src/ratewall/databook/table_io.py,9,14
ratewall_policy_path_promotion_grade_source_family_acquisition_execution_preflight_results.csv,_write_rows,policy_path_promotion_grade_source_family_acquisition_execution_preflight_results_rows_,src/ratewall/databook/table_io.py,9,14
ratewall_policy_path_promotion_grade_source_family_acquisition_packet.csv,_write_rows,policy_path_promotion_grade_source_family_acquisition_packet_rows_,src/ratewall/databook/table_io.py,9,14
ratewall_policy_path_protocol_authoring_readiness_matrix.csv,_write_ratewall_policy_path_protocol_authoring_readiness_matrix_table,policy_path_protocol_authoring_readiness_matrix_rows,src/ratewall/databook/build_legacy.py,121186,121193
ratewall_policy_path_protocol_candidate_draft_review.csv,_write_ratewall_policy_path_protocol_candidate_draft_review_table,policy_path_protocol_candidate_draft_review_rows,src/ratewall/databook/build_legacy.py,121156,121163
ratewall_policy_path_protocol_completion_design_tranche.csv,_write_rows,policy_path_protocol_completion_design_tranche_rows_,src/ratewall/databook/table_io.py,9,14
ratewall_policy_path_protocol_component_closure_rollup.csv,_write_rows,policy_path_protocol_component_closure_rollup_rows_,src/ratewall/databook/table_io.py,9,14
ratewall_policy_path_protocol_field_authoring_contract.csv,_write_ratewall_policy_path_protocol_field_authoring_contract_table,policy_path_protocol_field_authoring_contract_rows,src/ratewall/databook/build_legacy.py,121196,121203
ratewall_policy_path_protocol_missing_evidence_acquisition_queue.csv,_write_ratewall_policy_path_protocol_missing_evidence_acquisition_queue_table,policy_path_protocol_missing_evidence_acquisition_queue_rows,src/ratewall/databook/build_legacy.py,121166,121173
ratewall_policy_path_protocol_missing_evidence_parse_execution_review.csv,_write_ratewall_policy_path_protocol_missing_evidence_parse_execution_review_table,policy_path_protocol_missing_evidence_parse_execution_review_rows,src/ratewall/databook/build_legacy.py,121176,121183
ratewall_policy_path_protocol_review_audit.csv,_write_ratewall_policy_path_protocol_review_audit_table,policy_path_protocol_review_audit_rows,src/ratewall/databook/build_legacy.py,120908,120911
ratewall_policy_path_protocol_review_inventory.csv,_write_ratewall_policy_path_protocol_review_inventory_table,policy_path_protocol_review_inventory_rows,src/ratewall/databook/build_legacy.py,120902,120905
ratewall_policy_path_protocol_source_acquisition_audit.csv,_write_ratewall_policy_path_protocol_source_acquisition_audit_table,policy_path_protocol_source_acquisition_audit_rows,src/ratewall/databook/build_legacy.py,120894,120899
ratewall_policy_path_protocol_source_acquisition_registry.csv,_write_ratewall_policy_path_protocol_source_acquisition_registry_table,policy_path_protocol_source_acquisition_registry_rows,src/ratewall/databook/build_legacy.py,120886,120891
ratewall_policy_path_protocol_source_acquisition_work_queue.csv,_write_ratewall_policy_path_protocol_source_acquisition_work_queue_table,policy_path_protocol_source_acquisition_work_queue_rows,src/ratewall/databook/build_legacy.py,121106,121113
ratewall_policy_path_protocol_source_parse_execution_review.csv,_write_ratewall_policy_path_protocol_source_parse_execution_review_table,policy_path_protocol_source_parse_execution_review_rows,src/ratewall/databook/build_legacy.py,121116,121123
ratewall_policy_path_real_source_author_web_acquisition_attempt_packet.csv,_write_rows,policy_path_real_source_author_web_acquisition_attempt_packet_rows_,src/ratewall/databook/table_io.py,9,14
ratewall_policy_path_research_shock_source_evidence_protocol_review.csv,_write_ratewall_policy_path_research_shock_source_evidence_protocol_review_table,policy_path_research_shock_source_evidence_protocol_review_rows,src/ratewall/databook/build_legacy.py,121006,121013
ratewall_policy_path_reviewed_bps_year_protocol_gap_matrix.csv,_write_ratewall_policy_path_reviewed_bps_year_protocol_gap_matrix_table,policy_path_reviewed_bps_year_protocol_gap_matrix_rows,src/ratewall/databook/build_legacy.py,121096,121103
ratewall_policy_path_reviewed_protocol_source_context.csv,_write_ratewall_policy_path_reviewed_protocol_source_context_table,policy_path_reviewed_protocol_source_context_rows,src/ratewall/databook/build_legacy.py,120878,120883
ratewall_policy_path_source_author_manual_acquisition_execution_preflight_results.csv,_write_rows,policy_path_source_author_manual_acquisition_execution_preflight_results_rows_,src/ratewall/databook/table_io.py,9,14
ratewall_policy_path_source_author_manual_acquisition_followup_packet.csv,_write_rows,policy_path_source_author_manual_acquisition_followup_packet_rows_,src/ratewall/databook/table_io.py,9,14
ratewall_policy_path_source_bundle_component_exhaustion_decision.csv,_write_rows,policy_path_source_bundle_component_exhaustion_decision_rows_,src/ratewall/databook/table_io.py,9,14
ratewall_policy_path_source_bundle_field_exhaustion_decision.csv,_write_rows,policy_path_source_bundle_field_exhaustion_decision_rows_,src/ratewall/databook/table_io.py,9,14
ratewall_policy_path_source_cell_unit_contract_review.csv,_write_ratewall_policy_path_source_cell_unit_contract_review_table,policy_path_source_cell_unit_contract_review_rows,src/ratewall/databook/build_legacy.py,120990,120997
ratewall_policy_path_source_code_workbook_object_inventory.csv,_write_ratewall_policy_path_source_code_workbook_object_inventory_table,policy_path_source_code_workbook_object_inventory_rows,src/ratewall/databook/build_legacy.py,121016,121023
ratewall_policy_path_source_code_workbook_protocol_deep_review.csv,_write_ratewall_policy_path_source_code_workbook_protocol_deep_review_table,policy_path_source_code_workbook_protocol_deep_review_rows,src/ratewall/databook/build_legacy.py,121026,121033
ratewall_policy_path_source_extraction_result_adjudication.csv,_write_rows,policy_path_source_extraction_result_adjudication_rows_,src/ratewall/databook/table_io.py,9,14
ratewall_policy_path_source_extraction_results.csv,_write_rows,policy_path_source_extraction_results_rows_,src/ratewall/databook/table_io.py,9,14
ratewall_policy_path_source_extraction_task_packet.csv,_write_rows,policy_path_source_extraction_task_packet_rows_,src/ratewall/databook/table_io.py,9,14
ratewall_policy_path_source_family_execution_closure_selection_packet.csv,_write_rows,policy_path_source_family_execution_closure_selection_packet_rows_,src/ratewall/databook/table_io.py,9,14
ratewall_policy_path_source_locator_binding_review.csv,_write_rows,policy_path_source_locator_binding_review_rows_,src/ratewall/databook/table_io.py,9,14
ratewall_policy_path_source_parse_action_execution.csv,_write_ratewall_policy_path_source_parse_action_execution_table,policy_path_source_parse_action_execution_rows,src/ratewall/databook/build_legacy.py,121136,121143
ratewall_policy_path_source_parse_synthesis_queue.csv,_write_ratewall_policy_path_source_parse_synthesis_queue_table,policy_path_source_parse_synthesis_queue_rows,src/ratewall/databook/build_legacy.py,121126,121133
ratewall_policy_path_source_protocol_action_packet.csv,_write_rows,policy_path_source_protocol_action_packet_rows_,src/ratewall/databook/table_io.py,9,14
ratewall_policy_path_source_protocol_attempt_closure_handoff.csv,_write_rows,policy_path_source_protocol_attempt_closure_handoff_rows_,src/ratewall/databook/table_io.py,9,14
ratewall_policy_path_source_protocol_extraction_attempt_results.csv,_write_rows,policy_path_source_protocol_extraction_attempt_results_rows_,src/ratewall/databook/table_io.py,9,14
ratewall_policy_path_source_protocol_pass_rule_harness.csv,_write_rows,policy_path_source_protocol_pass_rule_harness_rows_,src/ratewall/databook/table_io.py,9,14
ratewall_policy_path_terminal_no_hit_closure.csv,_write_ratewall_policy_path_terminal_no_hit_closure_table,policy_path_terminal_no_hit_closure_rows,src/ratewall/databook/build_legacy.py,121236,121243
ratewall_policy_path_usmpd_instrument_decomposition_design_review.csv,_write_ratewall_policy_path_usmpd_instrument_decomposition_design_review_table,policy_path_usmpd_instrument_decomposition_design_review_rows,src/ratewall/databook/build_legacy.py,121066,121073
ratewall_policy_path_usmpd_pca_backtransform_gate_review.csv,_write_ratewall_policy_path_usmpd_pca_backtransform_gate_review_table,policy_path_usmpd_pca_backtransform_gate_review_rows,src/ratewall/databook/build_legacy.py,121056,121063
ratewall_policy_path_usmpd_pca_loading_backtransform_review.csv,_write_ratewall_policy_path_usmpd_pca_loading_backtransform_review_table,policy_path_usmpd_pca_loading_backtransform_review_rows,src/ratewall/databook/build_legacy.py,121036,121043
ratewall_policy_path_usmpd_scalar_score_replication_review.csv,_write_ratewall_policy_path_usmpd_scalar_score_replication_review_table,policy_path_usmpd_scalar_score_replication_review_rows,src/ratewall/databook/build_legacy.py,121046,121053
ratewall_policy_path_value_bearing_bps_year_exposure_export.csv,_write_rows,policy_path_value_bearing_bps_year_exposure_export_rows_,src/ratewall/databook/table_io.py,9,14
ratewall_policy_path_value_bearing_bps_year_exposure_identification_variants_quarterly_series.csv,_write_rows,,src/ratewall/databook/table_io.py,9,14
ratewall_policy_path_value_bearing_bps_year_exposure_quarterly_series.csv,_write_rows,policy_path_value_bearing_bps_year_exposure_quarterly_series_rows_,src/ratewall/databook/table_io.py,9,14
ratewall_post_covid_interest_income_wall_distance.csv,_write_post_covid_interest_income_wall_distance_table,post_covid_interest_income_wall_distance_rows,src/ratewall/databook/build_legacy.py,119832,119835
ratewall_prior_stack_diagnostic.csv,_write_ratewall_prior_stack_diagnostic_table,prior_stack_diagnostic_rows,src/ratewall/databook/build_legacy.py,121891,121894
ratewall_private_credit_bdc_context.csv,_write_ratewall_financialization_context_table,private_credit_bdc_context_rows,src/ratewall/databook/build_legacy.py,121593,121596
ratewall_public_finance_adjustment.csv,_write_ratewall_public_finance_adjustment_table,public_finance_adjustment_rows_,src/ratewall/databook/build_legacy.py,121398,121401
ratewall_public_finance_remittance_timing_stress_grid.csv,_write_backend_expansion_artifact,,src/ratewall/databook/build_legacy.py,,
ratewall_public_finance_timing_bridge.csv,_write_ratewall_public_finance_timing_bridge_table,public_finance_timing_bridge_rows,src/ratewall/databook/build_legacy.py,121869,121872
ratewall_public_finance_timing_design_test_scaffold.csv,_write_ratewall_public_finance_timing_design_test_scaffold_table,public_finance_timing_design_test_scaffold_rows,src/ratewall/databook/build_legacy.py,121276,121283
ratewall_public_finance_timing_evidence_gap.csv,_write_ratewall_public_finance_timing_evidence_gap_table,public_finance_timing_evidence_gap_rows,src/ratewall/databook/build_legacy.py,119990,119993
ratewall_public_finance_timing_path.csv,_write_ratewall_public_finance_timing_path_table,public_finance_timing_path_rows,src/ratewall/databook/build_legacy.py,119984,119987
ratewall_public_impulse_factorization.csv,_write_ratewall_public_impulse_factorization_table,public_impulse_factorization_rows,src/ratewall/databook/build_legacy.py,119914,119917
ratewall_public_liability_repricing_evidence_bridge.csv,_write_ratewall_public_liability_repricing_evidence_bridge_table,public_liability_repricing_evidence_bridge_rows,src/ratewall/databook/build_legacy.py,119926,119933
ratewall_public_liability_repricing_ladder.csv,_write_ratewall_public_liability_repricing_ladder_table,public_liability_repricing_ladder_rows,src/ratewall/databook/build_legacy.py,119920,119923
ratewall_public_liability_repricing_reconciliation_gap.csv,_write_ratewall_public_liability_repricing_reconciliation_gap_table,public_liability_repricing_reconciliation_gap_rows,src/ratewall/databook/build_legacy.py,119936,119943
ratewall_publication_claim_decision.csv,_write_publication_claim_decision_table,publication_claim_rows,src/ratewall/databook/spine_scenarios.py,275,278
ratewall_qrawatch_tdcsim_bridge_invariant_audit.csv,_write_rows,qrawatch_tdcsim_bridge_invariant_audit_rows_,src/ratewall/databook/table_io.py,9,14
ratewall_qrawatch_tdcsim_provenance_audit.csv,_write_rows,qrawatch_tdcsim_provenance_audit_rows_,src/ratewall/databook/table_io.py,9,14
ratewall_qrawatch_tdcsim_scenario_registry.csv,_write_rows,qrawatch_tdcsim_scenario_registry_rows_,src/ratewall/databook/table_io.py,9,14
ratewall_ratio_layer_registry.csv,_write_rows,ratio_layer_registry_rows_,src/ratewall/databook/table_io.py,9,14
ratewall_ratio_object_registry.csv,_write_rows,ratio_object_registry_rows_,src/ratewall/databook/table_io.py,9,14
ratewall_recipient_leakage_design_gate.csv,_write_ratewall_recipient_leakage_design_gate_table,recipient_leakage_design_gate_rows,src/ratewall/databook/build_legacy.py,121863,121866
ratewall_recipient_mpc_scenario_scaffold.csv,_write_recipient_mpc_scenario_scaffold_table,mpc_rows,src/ratewall/databook/build_legacy.py,119802,119805
ratewall_reference_scenario_object_crosswalk.csv,_write_rows,reference_scenario_object_crosswalk_rows_,src/ratewall/databook/table_io.py,9,14
ratewall_regime_map.csv,_write_ratewall_regime_map_table,regime_map_rows,src/ratewall/databook/build_legacy.py,121881,121882
ratewall_release_16_no_further_promotion_ledger.csv,_write_release_16_no_further_promotion_ledger_table,release_16_no_further_promotion_rows,src/ratewall/databook/build_legacy.py,119762,119765
ratewall_release_16_source_resolution_closeout.csv,_write_release_16_source_resolution_closeout_table,release_16_source_resolution_rows,src/ratewall/databook/build_legacy.py,119756,119759
ratewall_release_17_blocker_reopen_decision.csv,_write_release_17_blocker_reopen_decision_table,release_17_blocker_reopen_rows,src/ratewall/databook/build_legacy.py,119780,119783
ratewall_release_17_external_review_audit.csv,_write_release_17_external_review_audit_table,release_17_external_review_rows,src/ratewall/databook/build_legacy.py,119768,119771
ratewall_release_17_publication_polish_qa.csv,_write_release_17_publication_polish_qa_table,release_17_publication_polish_rows,src/ratewall/databook/build_legacy.py,119774,119777
ratewall_release_18_live_refresh_robustness_audit.csv,_write_release_18_live_refresh_robustness_audit_table,release_18_live_refresh_rows,src/ratewall/databook/build_legacy.py,119786,119789
ratewall_release_19_accounting_invariant_audit.csv,_write_release_19_accounting_invariant_audit_table,invariant_rows,src/ratewall/databook/build_legacy.py,119856,119859
ratewall_release_19_post_audit_methodology_audit.csv,_write_release_19_post_audit_methodology_audit_table,post_audit_rows,src/ratewall/databook/build_legacy.py,119862,119865
ratewall_release_20_activity_demand_benchmark.csv,_write_release_20_activity_demand_benchmark_table,release_20_activity_rows,src/ratewall/databook/build_legacy.py,119868,119871
ratewall_release_20_benchmark_submission_decision.csv,_write_release_20_benchmark_submission_decision_table,release_20_decision_rows,src/ratewall/databook/build_legacy.py,119880,119883
ratewall_release_20_state_dependent_lp_diagnostics.csv,_write_release_20_state_dependent_lp_diagnostics_table,release_20_lp_rows,src/ratewall/databook/build_legacy.py,119874,119877
ratewall_release_21_backend_invariant_audit.csv,_write_release_21_backend_invariant_audit_table,release_21_invariant_rows,src/ratewall/databook/build_legacy.py,116642,116646
ratewall_release_21_final_benchmark_gate.csv,_write_release_21_final_benchmark_gate_table,release_21_benchmark_rows,src/ratewall/databook/build_legacy.py,116635,116639
ratewall_release_21_live_refresh_endpoint_audit.csv,_write_release_21_live_refresh_endpoint_audit_table,release_21_live_rows,src/ratewall/databook/build_legacy.py,116628,116632
ratewall_release_22_core_output_source_gate.csv,_write_release_22_core_output_source_gate_table,release_22_source_gate_rows,src/ratewall/databook/build_legacy.py,116863,116867
ratewall_release_22_source_repro_accounting_audit.csv,_write_release_22_source_repro_accounting_audit_table,release_22_audit_rows,src/ratewall/databook/build_legacy.py,116870,116874
ratewall_release_23_calibration_plausibility_audit.csv,_write_release_23_semantic_audit_table,release_23_calibration_rows,src/ratewall/databook/build_legacy.py,117088,117092
ratewall_release_23_latest_as_of_semantics_audit.csv,_write_release_23_semantic_audit_table,release_23_latest_rows,src/ratewall/databook/build_legacy.py,117088,117092
ratewall_release_23_recipient_base_consistency_audit.csv,_write_release_23_semantic_audit_table,release_23_recipient_rows,src/ratewall/databook/build_legacy.py,117088,117092
ratewall_release_23_source_status_propagation_audit.csv,_write_release_23_semantic_audit_table,release_23_source_status_rows,src/ratewall/databook/build_legacy.py,117088,117092
ratewall_release_23_threshold_mechanics_feasibility_audit.csv,_write_release_23_semantic_audit_table,release_23_threshold_rows,src/ratewall/databook/build_legacy.py,117088,117092
ratewall_release_archive_reproducibility_audit.csv,_write_ratewall_release_archive_reproducibility_audit_table,release_archive_reproducibility_audit_rows_,src/ratewall/databook/build_legacy.py,121781,121784
ratewall_residualized_ffr_fwl_diagnostics.csv,_write_rows,,src/ratewall/databook/table_io.py,9,14
ratewall_residualized_ffr_literature_lp_results.csv,_write_rows,,src/ratewall/databook/table_io.py,9,14
ratewall_residualized_ffr_literature_replication_audit.csv,_write_rows,,src/ratewall/databook/table_io.py,9,14
ratewall_residualized_ffr_normalization_bridge.csv,_write_rows,,src/ratewall/databook/table_io.py,9,14
ratewall_residualized_ffr_private_demand_bridge.csv,_write_rows,,src/ratewall/databook/table_io.py,9,14
ratewall_restricted_data_gate_spec.csv,_write_ratewall_restricted_data_gate_spec_table,restricted_data_gate_spec_rows,src/ratewall/databook/build_legacy.py,121334,121337
ratewall_restricted_protocol_falsification_matrix.csv,_write_ratewall_restricted_protocol_falsification_matrix_table,restricted_protocol_falsification_matrix_rows,src/ratewall/databook/build_legacy.py,121751,121754
ratewall_restricted_protocol_field_contract.csv,_write_ratewall_restricted_protocol_field_contract_table,restricted_protocol_field_contract_rows,src/ratewall/databook/build_legacy.py,121757,121760
ratewall_retail_deposit_beta_gap_context.csv,_write_ratewall_financialization_context_table,retail_deposit_beta_gap_context_rows,src/ratewall/databook/build_legacy.py,121593,121596
ratewall_retail_pass_through_dispersion_panel.csv,_write_ratewall_financialization_context_table,retail_pass_through_dispersion_panel_rows,src/ratewall/databook/build_legacy.py,121593,121596
ratewall_retail_safe_yield_access_substitution_context.csv,_write_ratewall_financialization_context_table,retail_safe_yield_access_substitution_context_rows,src/ratewall/databook/build_legacy.py,121593,121596
ratewall_runtime_annual_flow_support_offset_adoption_matrix.csv,_write_rows,,src/ratewall/databook/table_io.py,9,14
ratewall_runtime_annual_flow_support_offset_benchmark_overlay.csv,_write_rows,,src/ratewall/databook/table_io.py,9,14
ratewall_runtime_annual_flow_support_offset_closeout_decision.csv,_write_rows,,src/ratewall/databook/table_io.py,9,14
ratewall_runtime_annual_flow_support_offset_frontier_summary.csv,_write_rows,,src/ratewall/databook/table_io.py,9,14
ratewall_runtime_annual_flow_support_offset_readiness_registry.csv,_write_rows,,src/ratewall/databook/table_io.py,9,14
ratewall_runtime_annual_flow_support_offset_scenarios.csv,_write_rows,,src/ratewall/databook/table_io.py,9,14
ratewall_safe_asset_retention_context.csv,_write_safe_asset_retention_context_table,safe_asset_retention_rows,src/ratewall/databook/build_legacy.py,119709,119712
ratewall_safe_asset_retention_evidence_appendix.csv,_write_safe_asset_retention_evidence_appendix_table,safe_asset_evidence_rows,src/ratewall/databook/build_legacy.py,119715,119718
ratewall_safe_asset_substitution_pairing_audit.csv,_write_backend_expansion_artifact,,src/ratewall/databook/build_legacy.py,,
ratewall_safe_yield_offset_drag_pairing_gap.csv,_write_ratewall_safe_yield_offset_drag_pairing_gap_table,safe_yield_pairing_gap_rows,src/ratewall/databook/build_legacy.py,119996,119999
ratewall_safe_yield_paired_proxy_surface.csv,_write_ratewall_financialization_context_table,safe_yield_paired_proxy_surface_rows,src/ratewall/databook/build_legacy.py,121593,121596
ratewall_scenario_crossing_diagnostic.csv,_write_ratewall_scenario_crossing_diagnostic_table,scenario_crossing_diagnostic_rows,src/ratewall/databook/build_legacy.py,122011,122014
ratewall_scenario_denominator_anchor_lineage.csv,_write_rows,,src/ratewall/databook/table_io.py,9,14
ratewall_scenario_denominator_stack_comparison.csv,_write_rows,,src/ratewall/databook/table_io.py,9,14
ratewall_scenario_ladder.csv,_write_ratewall_scenario_ladder_table,scenario_ladder_rows,src/ratewall/databook/build_legacy.py,121897,121900
ratewall_score_dashboard.csv,_write_ratewall_dashboard_table,dashboard_rows,src/ratewall/databook/build_legacy.py,25059,25079
ratewall_sibling_evidence_bridge.csv,_write_ratewall_sibling_evidence_bridge_table,sibling_evidence_bridge_rows,src/ratewall/databook/build_legacy.py,121350,121353
ratewall_sibling_evidence_upgrade_queue.csv,_write_ratewall_sibling_evidence_upgrade_queue_table,sibling_evidence_upgrade_queue_rows,src/ratewall/databook/build_legacy.py,121356,121359
ratewall_source_gate_exhaustion_closure.csv,_write_ratewall_source_gate_exhaustion_closure_table,source_gate_exhaustion_closure_rows,src/ratewall/databook/build_legacy.py,121324,121331
ratewall_source_gate_prior_narrowing_decision.csv,_write_ratewall_source_gate_prior_narrowing_decision_table,source_gate_prior_narrowing_decision_rows,src/ratewall/databook/build_legacy.py,121314,121321
ratewall_split_denominator_comparison.csv,_write_ratewall_split_denominator_comparison_table,split_denominator_comparison_rows,src/ratewall/databook/build_legacy.py,121533,121536
ratewall_split_denominator_joint_regime_stability.csv,_write_ratewall_split_denominator_joint_regime_stability_table,split_denominator_joint_regime_stability_rows,src/ratewall/databook/build_legacy.py,121557,121560
ratewall_split_denominator_joint_uncertainty.csv,_write_ratewall_split_denominator_joint_uncertainty_table,split_denominator_joint_uncertainty_rows,src/ratewall/databook/build_legacy.py,121551,121554
ratewall_split_denominator_regime_stability.csv,_write_ratewall_split_denominator_regime_stability_table,split_denominator_regime_stability_rows,src/ratewall/databook/build_legacy.py,121545,121548
ratewall_split_denominator_uncertainty.csv,_write_ratewall_split_denominator_uncertainty_table,split_denominator_uncertainty_rows,src/ratewall/databook/build_legacy.py,121539,121542
ratewall_summary.csv,_write_summary_table,,src/ratewall/databook/build_legacy.py,25052,25056
ratewall_tax_timing_interest_income_context.csv,_write_backend_expansion_artifact,,src/ratewall/databook/build_legacy.py,,
ratewall_tdc_claim_boundary_audit.csv,_write_tdc_claim_boundary_audit_table,tdc_claim_rows,src/ratewall/databook/build_legacy.py,119890,119893
ratewall_tdc_deposit_channel_ledger.csv,_write_tdc_deposit_channel_ledger_table,tdc_ledger_rows,src/ratewall/databook/build_legacy.py,119463,119466
ratewall_tdc_deposit_credit_decomposition.csv,_write_tdc_deposit_credit_decomposition_table,tdc_deposit_credit_decomposition_rows,src/ratewall/databook/build_legacy.py,119569,119572
ratewall_tdc_deposit_pass_through_regime_scenarios.csv,_write_ratewall_tdc_deposit_pass_through_regime_scenarios_table,tdc_deposit_pass_through_regime_scenario_rows_,src/ratewall/databook/build_legacy.py,121937,121940
ratewall_tdc_deposit_pass_through_scenario_contract.csv,_write_ratewall_tdc_deposit_pass_through_scenario_contract_table,tdc_deposit_pass_through_scenario_contract_rows_,src/ratewall/databook/build_legacy.py,121943,121946
ratewall_tdc_deposit_pass_through_scenario_contract_invariant_audit.csv,_write_ratewall_tdc_deposit_pass_through_scenario_contract_invariant_audit_table,tdc_deposit_pass_through_scenario_contract_invariant_audit_rows_,src/ratewall/databook/build_legacy.py,121959,121966
ratewall_tdc_deposit_pass_through_source_import.csv,_write_ratewall_tdc_deposit_pass_through_source_import_table,tdc_deposit_pass_through_source_import_rows_,src/ratewall/databook/build_legacy.py,121931,121934
ratewall_tdc_deposit_pass_through_trigger_validation_preflight.csv,_write_ratewall_tdc_deposit_pass_through_trigger_validation_preflight_table,tdc_deposit_pass_through_trigger_validation_preflight_rows_,src/ratewall/databook/build_legacy.py,121949,121956
ratewall_tdc_double_count_guardrail.csv,_write_tdc_double_count_guardrail_table,tdc_double_count_guardrail_rows,src/ratewall/databook/spine_tdc.py,170,173
ratewall_tdc_ea_tdc_pass_through_calibration_import.csv,_write_ratewall_tdc_ea_tdc_pass_through_calibration_import_table,tdc_ea_tdc_pass_through_calibration_import_rows_,src/ratewall/databook/build_legacy.py,121915,121918
ratewall_tdc_ea_tdc_pass_through_regime_validation_import.csv,_write_ratewall_tdc_ea_tdc_pass_through_regime_validation_import_table,tdc_ea_tdc_pass_through_regime_validation_import_rows_,src/ratewall/databook/build_legacy.py,121921,121928
ratewall_tdc_equation_variant_registry.csv,_write_rows,tdc_equation_variant_registry_rows_,src/ratewall/databook/table_io.py,9,14
ratewall_tdc_forward_assumption_registry.csv,_write_tdc_forward_assumption_registry_table,tdc_forward_assumption_registry_rows_,src/ratewall/databook/build_legacy.py,119685,119688
ratewall_tdc_forward_component_audit.csv,_write_tdc_forward_component_audit_table,tdc_forward_component_audit_rows_,src/ratewall/databook/build_legacy.py,119667,119670
ratewall_tdc_forward_invariant_audit.csv,_write_tdc_forward_invariant_audit_table,tdc_forward_invariant_audit_rows_,src/ratewall/databook/build_legacy.py,119679,119682
ratewall_tdc_forward_overlap_guardrail.csv,_write_tdc_forward_overlap_guardrail_table,tdc_forward_overlap_guardrail_rows_,src/ratewall/databook/build_legacy.py,119673,119676
ratewall_tdc_forward_projection_surface.csv,_write_tdc_forward_projection_surface_table,tdc_forward_projection_surface_rows_,src/ratewall/databook/build_legacy.py,119661,119664
ratewall_tdc_forward_scenario_decomposition.csv,_write_tdc_forward_scenario_decomposition_table,tdc_forward_scenario_decomposition_rows_,src/ratewall/databook/build_legacy.py,119691,119694
ratewall_tdc_historical_panel.csv,_write_tdc_historical_panel_table,tdc_historical_rows,src/ratewall/databook/build_legacy.py,119481,119482
ratewall_tdc_historical_reconciliation.csv,_write_tdc_historical_reconciliation_table,tdc_reconciliation_rows,src/ratewall/databook/build_legacy.py,119491,119494
ratewall_tdc_historical_selected_series.csv,_write_tdc_historical_selected_series_table,tdc_historical_selected_series_rows_,src/ratewall/databook/build_legacy.py,119587,119590
ratewall_tdc_historical_source_contract.csv,_write_tdc_historical_source_contract_table,tdc_historical_source_contract_rows_,src/ratewall/databook/build_legacy.py,119581,119584
ratewall_tdc_liquidity_regime_trigger_evidence.csv,_write_ratewall_tdc_liquidity_regime_trigger_evidence_table,tdc_liquidity_regime_trigger_evidence_rows_,src/ratewall/databook/build_legacy.py,121969,121972
ratewall_tdc_liquidity_regime_trigger_promotion_protocol.csv,_write_ratewall_tdc_liquidity_regime_trigger_promotion_protocol_table,tdc_liquidity_regime_trigger_promotion_protocol_rows_,src/ratewall/databook/build_legacy.py,121975,121982
ratewall_tdc_liquidity_regime_trigger_validation_evidence.csv,_write_ratewall_tdc_liquidity_regime_trigger_validation_evidence_table,tdc_liquidity_regime_trigger_validation_evidence_rows_,src/ratewall/databook/build_legacy.py,121985,121992
ratewall_tdc_materialization_semantic_summary.csv,_write_ratewall_tdc_materialization_semantic_summary_table,tdc_materialization_semantic_summary_rows_,src/ratewall/databook/spine_tdc.py,182,185
ratewall_tdc_net_ratewall_effect.csv,_write_tdc_net_ratewall_effect_table,tdc_net_ratewall_effect_rows,src/ratewall/databook/build_legacy.py,119575,119578
ratewall_tdc_other_component_bridge.csv,_write_tdc_other_component_bridge_table,tdc_other_component_bridge_rows,src/ratewall/databook/build_legacy.py,119563,119566
ratewall_tdc_overlap_audit.csv,_write_rows,path_ratio_tdc_overlap_audit_rows_,src/ratewall/databook/table_io.py,9,14
ratewall_tdc_rolling_pass_through_context.csv,_write_tdc_rolling_pass_through_context_table,tdc_rolling_pass_through_context_rows,src/ratewall/databook/build_legacy.py,119545,119548
ratewall_tdc_ru_financing_deposit_impulse.csv,_write_tdc_ru_financing_deposit_impulse_table,tdc_impulse_rows,src/ratewall/databook/build_legacy.py,119475,119478
ratewall_tdc_source_coverage.csv,_write_tdc_source_coverage_table,tdc_source_coverage_rows,src/ratewall/databook/build_legacy.py,119886,119887
ratewall_tdcest_historical_estimator_bridge.csv,_write_tdcest_historical_estimator_bridge_table,tdcest_historical_estimator_bridge_rows,src/ratewall/databook/build_legacy.py,119521,119524
ratewall_tdcest_mmf_route_split_context.csv,_write_tdcest_mmf_route_split_context_table,tdcest_mmf_route_split_context_rows,src/ratewall/databook/build_legacy.py,119533,119536
ratewall_tdcest_monetary_route_bridge.csv,_write_tdcest_monetary_route_bridge_table,tdcest_monetary_route_bridge_rows,src/ratewall/databook/build_legacy.py,119527,119530
ratewall_tdcest_z1_domestic_nonbank_sector_context.csv,_write_tdcest_z1_domestic_nonbank_sector_context_table,tdcest_z1_domestic_nonbank_sector_context_rows,src/ratewall/databook/build_legacy.py,119539,119542
ratewall_tdcsim_assumption_mode_claim_gate.csv,_write_tdcsim_assumption_mode_claim_gate_table,tdcsim_assumption_mode_claim_gate_rows_,src/ratewall/databook/build_legacy.py,119617,119620
ratewall_tdcsim_assumption_mode_forecast_private_route_claim_gate.csv,_write_tdcsim_assumption_mode_forecast_private_route_claim_gate_table,tdcsim_assumption_mode_forecast_private_route_claim_gate_rows_,src/ratewall/databook/build_legacy.py,119633,119640
ratewall_tdcsim_assumption_mode_forecast_private_route_envelope.csv,_write_tdcsim_assumption_mode_forecast_private_route_envelope_table,tdcsim_assumption_mode_forecast_private_route_envelope_rows_,src/ratewall/databook/build_legacy.py,119623,119630
ratewall_tdcsim_assumption_mode_support_ingest.csv,_write_tdcsim_assumption_mode_support_ingest_table,tdcsim_assumption_mode_support_ingest_rows_,src/ratewall/databook/build_legacy.py,119611,119614
ratewall_tdcsim_domestic_nonbank_funding_classification.csv,_write_tdcsim_domestic_nonbank_funding_classification_table,tdcsim_domestic_nonbank_funding_classification_rows_,src/ratewall/databook/build_legacy.py,119599,119602
ratewall_tdcsim_private_route_sensitivity_ingest.csv,_write_tdcsim_private_route_sensitivity_ingest_table,tdcsim_private_route_sensitivity_ingest_rows_,src/ratewall/databook/build_legacy.py,119605,119608
ratewall_tdcsim_projection_contract_bridge.csv,_write_tdcsim_projection_contract_bridge_table,tdcsim_projection_contract_bridge_rows_,src/ratewall/databook/build_legacy.py,119593,119596
ratewall_tdsp_current_demand_admission_audit.csv,_write_ratewall_tdsp_current_demand_admission_audit_table,tdsp_current_demand_admission_audit_rows,src/ratewall/databook/build_legacy.py,120850,120853
ratewall_tdsp_current_demand_diagnostic_mapping.csv,_write_ratewall_tdsp_current_demand_diagnostic_mapping_table,tdsp_current_demand_diagnostic_mapping_rows,src/ratewall/databook/build_legacy.py,120836,120839
ratewall_tdsp_current_demand_source_review.csv,_write_ratewall_tdsp_current_demand_source_review_table,tdsp_current_demand_source_review_rows,src/ratewall/databook/build_legacy.py,120824,120827
ratewall_tdsp_current_demand_unit_conversion.csv,_write_ratewall_tdsp_current_demand_unit_conversion_table,tdsp_current_demand_unit_conversion_rows,src/ratewall/databook/build_legacy.py,120830,120833
ratewall_tdsp_diagnostic_family_completion_gate.csv,_write_rows,tdsp_diagnostic_family_completion_gate_rows,src/ratewall/databook/table_io.py,9,14
ratewall_tdsp_pce_dpi_policy_path_admission_audit.csv,_write_ratewall_tdsp_pce_dpi_policy_path_admission_audit_table,tdsp_pce_dpi_policy_path_admission_audit_rows,src/ratewall/databook/build_legacy.py,121262,121267
ratewall_tdsp_pce_dpi_refresh_diagnostic_mapping.csv,_write_ratewall_tdsp_pce_dpi_refresh_diagnostic_mapping_table,tdsp_pce_dpi_refresh_diagnostic_mapping_rows,src/ratewall/databook/build_legacy.py,120862,120869
ratewall_tdsp_policy_path_normalization_blocker.csv,_write_ratewall_tdsp_policy_path_normalization_blocker_table,tdsp_policy_path_normalization_blocker_rows,src/ratewall/databook/build_legacy.py,120842,120847
ratewall_tdsp_supported_horizon_response_profile.csv,_write_ratewall_tdsp_supported_horizon_response_profile_table,tdsp_supported_horizon_response_profile_rows,src/ratewall/databook/build_legacy.py,120204,120211
ratewall_term_structure_pricing_carry_diagnostic.csv,_write_ratewall_price_channel_diagnostic_table,term_structure_pricing_carry_diagnostic_rows,src/ratewall/databook/build_legacy.py,121380,121383
ratewall_threshold_calibrated_simulation.csv,_write_ratewall_calibrated_threshold_table,calibrated_threshold_rows,src/ratewall/databook/build_legacy.py,119509,119512
ratewall_threshold_calibration_ranges.csv,_write_threshold_calibration_ranges_table,calibration_rows,src/ratewall/databook/build_legacy.py,119503,119506
ratewall_threshold_claim_boundary_audit.csv,_write_ratewall_threshold_claim_boundary_audit_table,threshold_claim_rows,src/ratewall/databook/build_legacy.py,119792,119795
ratewall_threshold_simulation.csv,_write_ratewall_threshold_simulation_table,threshold_rows,src/ratewall/databook/build_legacy.py,119497,119500
ratewall_threshold_solver.csv,_write_ratewall_threshold_solver_table,threshold_solver_rows,src/ratewall/databook/build_legacy.py,121411,121414
ratewall_threshold_uncertainty_bands.csv,_write_threshold_uncertainty_bands_table,threshold_uncertainty_rows,src/ratewall/databook/build_legacy.py,119727,119730
ratewall_treasury_attributed_deposit_component.csv,_write_treasury_attributed_deposit_component_table,treasury_attributed_deposit_rows,src/ratewall/databook/build_legacy.py,119469,119472
ratewall_treasury_bucket_repricing_prior_bridge.csv,_write_ratewall_treasury_bucket_repricing_prior_bridge_table,treasury_bucket_repricing_prior_bridge_rows,src/ratewall/databook/build_legacy.py,119952,119955
ratewall_treasury_recipient_current_demand_proxy_scaffold.csv,_write_rows,treasury_recipient_current_demand_proxy_scaffold_rows_,src/ratewall/databook/table_io.py,9,14
ratewall_treasury_recipient_leakage_source_gate.csv,_write_ratewall_treasury_recipient_leakage_source_gate_table,treasury_recipient_leakage_source_gate_rows,src/ratewall/databook/build_legacy.py,119974,119981
ratewall_treasury_recipient_source_contract_path.csv,_write_rows,treasury_recipient_source_contract_path_rows_,src/ratewall/databook/table_io.py,9,14
ratewall_wall_denominator_path_contract.csv,_write_rows,wall_denominator_path_contract_rows_,src/ratewall/databook/table_io.py,9,14
ratewall_wall_hit_scenarios.csv,_write_ratewall_wall_hit_scenarios_table,assumption_solved_rows,src/ratewall/databook/spine_scenarios.py,257,260
ratewall_working_capital_cost_channel_diagnostic.csv,_write_ratewall_price_channel_diagnostic_table,working_capital_cost_channel_diagnostic_rows,src/ratewall/databook/build_legacy.py,121380,121383
sec_nmfp_mmf_treasury_cusip_context.csv,_write_sec_nmfp_mmf_treasury_cusip_context_table,,src/ratewall/databook/build_legacy.py,124187,124289
tic_foreign_holder_reconciliation.csv,_write_tic_foreign_holder_reconciliation_table,,src/ratewall/databook/build_legacy.py,123916,124005
tic_foreign_treasury_stock_split.csv,_write_tic_foreign_treasury_stock_split_table,,src/ratewall/databook/build_legacy.py,124008,124087
treasury_buyback_mspd_join.csv,_write_treasury_buyback_mspd_join_table,,src/ratewall/databook/build_legacy.py,123437,123456
treasury_buybacks.csv,_write_treasury_buybacks_table,,src/ratewall/databook/build_legacy.py,123415,123434
treasury_cashflow_edge_fixtures.csv,_write_treasury_cashflow_edge_fixtures_table,,src/ratewall/databook/build_legacy.py,124655,124693
treasury_coupon_cashflow_schedule.csv,_write_treasury_coupon_cashflow_table,,src/ratewall/databook/build_legacy.py,123501,123671
treasury_daily_valuation_paths.csv,_write_treasury_daily_valuation_paths_table,,src/ratewall/databook/build_legacy.py,124394,124479
treasury_frn_leap_day_source_gap.csv,_write_treasury_frn_leap_day_source_gap_table,,src/ratewall/databook/build_legacy.py,124696,124728
treasury_frn_reset_calendar_generation_policy.csv,_write_treasury_frn_reset_calendar_policy_table,,src/ratewall/databook/build_legacy.py,125080,125106
treasury_frn_reset_cusip_coverage_ledger.csv,_write_treasury_frn_reset_cusip_coverage_ledger_table,,src/ratewall/databook/build_legacy.py,125013,125045
treasury_frn_reset_explicit_opt_in_gate.csv,_write_treasury_frn_reset_explicit_opt_in_gate_table,,src/ratewall/databook/build_legacy.py,125109,125138
treasury_frn_reset_fixture_readiness_ledger.csv,_write_treasury_frn_reset_fixture_readiness_ledger_table,,src/ratewall/databook/build_legacy.py,125048,125077
treasury_frn_reset_method_design_ledger.csv,_write_treasury_frn_reset_method_design_ledger_table,,src/ratewall/databook/build_legacy.py,124983,125010
treasury_frn_reset_method_frontier_ledger.csv,_write_treasury_frn_reset_method_frontier_ledger_table,,src/ratewall/databook/build_legacy.py,125202,125231
treasury_frn_reset_method_note.csv,_write_treasury_frn_reset_method_note_table,,src/ratewall/databook/build_legacy.py,124861,124886
treasury_frn_reset_method_semantics_audit.csv,_write_treasury_frn_reset_method_semantics_audit_table,,src/ratewall/databook/build_legacy.py,124954,124980
treasury_frn_reset_official_source_audit.csv,_write_treasury_frn_reset_official_source_audit_table,,src/ratewall/databook/build_legacy.py,124889,124917
treasury_frn_reset_official_source_schema_evidence.csv,_write_treasury_frn_reset_official_source_schema_evidence_table,,src/ratewall/databook/build_legacy.py,124920,124951
treasury_frn_reset_source_blocker_map.csv,_write_treasury_frn_reset_source_blocker_map_table,,src/ratewall/databook/build_legacy.py,124827,124858
treasury_frn_tips_assumptions.csv,_write_treasury_frn_tips_assumptions_table,,src/ratewall/databook/build_legacy.py,123674,123741
treasury_maturity_ladder.csv,_write_maturity_ladder_table,,src/ratewall/databook/build_legacy.py,123084,123114
treasury_mspd_field_coverage.csv,_write_mspd_field_coverage_table,,src/ratewall/databook/build_legacy.py,123258,123350
treasury_mspd_reconciliation.csv,_write_mspd_reconciliation_table,,src/ratewall/databook/build_legacy.py,123117,123139
treasury_pricing_switch_audit_disabled.csv,_write_treasury_pricing_switch_audit_table,,src/ratewall/databook/build_legacy.py,127935,127952
treasury_tips_formula_review_explanation.csv,_write_treasury_tips_formula_review_explanation_table,,src/ratewall/databook/build_legacy.py,124562,124596
treasury_valuation_convention_audit.csv,_write_treasury_valuation_convention_audit_table,,src/ratewall/databook/build_legacy.py,124599,124629
treasury_valuation_coverage_diagnostics.csv,_write_treasury_valuation_coverage_diagnostics_table,,src/ratewall/databook/build_legacy.py,124522,124559
treasury_valuation_engine_readiness_gate.csv,_write_treasury_valuation_engine_readiness_gate_table,,src/ratewall/databook/build_legacy.py,127966,128005
treasury_valuation_inputs.csv,_write_treasury_valuation_inputs_table,,src/ratewall/databook/build_legacy.py,124292,124391
treasury_valuation_opt_in_contract_disabled.csv,_write_treasury_valuation_opt_in_contract_table,,src/ratewall/databook/build_legacy.py,127906,127932
treasury_valuation_readiness_coverage.csv,_write_treasury_valuation_readiness_coverage_table,,src/ratewall/databook/build_legacy.py,125141,125169
treasury_valuation_readiness_gate_evidence.csv,_write_treasury_valuation_readiness_gate_evidence_table,,src/ratewall/databook/build_legacy.py,125172,125199
treasury_valuation_validation.csv,_write_treasury_valuation_validation_table,,src/ratewall/databook/build_legacy.py,124482,124519
